CaseReference,PredictedSeverityScore,TriageDecision,ProbabilitySevere,P_Severity1,P_Severity2,P_Severity3,P_Severity4,P_Severity5,P_Severity6,TopDrivers
HLD-000001,5,Progress,0.951,0.0004,0.0105,0.0382,0.105,0.7325,0.1134,ImpactRiskMean=93 (+10.72); ExpectedFinancialRedressGBP=3468.12 (+3.69); EstimatedImpactScore=47 (-2.90)
HLD-000002,4,Progress,0.9997,0.0,0.0,0.0002,0.9235,0.0762,0.0001,ImpactRiskMean=77.50 (+9.36); EstimatedImpactScore=76 (+7.93); ExpectedFinancialRedressGBP=2583.74 (+3.48)
HLD-000003,1,Do not progress,0.0,0.9993,0.0007,0.0,0.0,0.0,0.0,ImpactRiskMean=26.50 (-5.54); EstimatedImpactScore=20 (-2.86); ExpectedFinancialRedressGBP=302.82 (-1.90)
HLD-000004,3,Do not progress,0.0175,0.0001,0.0012,0.9812,0.0171,0.0003,0.0,ImpactRiskMean=62.50 (+5.37); EstimatedImpactScore=51 (-3.78); ExpectedFinancialRedressGBP=1803.02 (+1.88)
HLD-000005,4,Progress,0.9959,0.0,0.0,0.004,0.9911,0.0049,0.0,ImpactRiskMean=76 (+9.12); EstimatedImpactScore=74 (+6.76); ExpectedFinancialRedressGBP=1718.24 (+1.76)
HLD-000006,2,Do not progress,0.0004,0.0173,0.9776,0.0046,0.0001,0.0002,0.0001,ImpactRiskMean=36.50 (-3.98); EstimatedImpactScore=29 (-3.16); ExpectedFinancialRedressGBP=506.03 (-1.19)
HLD-000007,1,Do not progress,0.0,0.9994,0.0005,0.0,0.0,0.0,0.0,ImpactRiskMean=21.50 (-4.86); EstimatedImpactScore=14 (-3.12); ExpectedFinancialRedressGBP=117.18 (-2.40)
HLD-000008,3,Do not progress,0.0008,0.0001,0.0114,0.9878,0.0008,0.0,0.0,EstimatedImpactScore=55 (-1.66); ExpectedFinancialRedressGBP=720.96 (-1.23); ImpactRiskMean=53.50 (-1.03)
HLD-000009,1,Do not progress,0.0,0.9963,0.0037,0.0,0.0,0.0,0.0,ImpactRiskMean=25.50 (-5.30); EstimatedImpactScore=23 (-3.15); ExpectedFinancialRedressGBP=158.50 (-2.35)
HLD-000010,5,Progress,0.9937,0.0004,0.0005,0.0054,0.0404,0.9482,0.0051,ImpactRiskMean=87.50 (+9.68); EstimatedImpactScore=93 (+8.61); ExpectedFinancialRedressGBP=720.96 (-1.02)
HLD-000011,2,Do not progress,0.0012,0.0008,0.9307,0.0673,0.0005,0.0007,0.0,ImpactRiskMean=42 (-3.94); EstimatedImpactScore=47 (-3.60); missingindicator_EstimatedImpactScore=1 (+1.26)
HLD-000012,2,Do not progress,0.0003,0.0005,0.9765,0.0228,0.0001,0.0001,0.0,ImpactRiskMean=43 (-3.49); EstimatedImpactScore=35 (-3.11); ExpectedFinancialRedressGBP=805.63 (-0.82)
HLD-000013,6,Progress,0.9991,0.0,0.0002,0.0007,0.0072,0.0849,0.9069,EstimatedImpactScore=100 (+10.60); ImpactRiskMean=80.50 (+8.33); ExpectedFinancialRedressGBP=1869.68 (+1.79)
HLD-000014,1,Do not progress,0.0,0.9993,0.0006,0.0,0.0,0.0,0.0,ImpactRiskMean=19 (-4.99); EstimatedImpactScore=19 (-3.19); ExpectedFinancialRedressGBP=543.17 (-1.30)
HLD-000015,1,Do not progress,0.0,0.9988,0.0011,0.0,0.0,0.0,0.0,ImpactRiskMean=17.50 (-5.00); EstimatedImpactScore=20 (-3.02); ExpectedFinancialRedressGBP=417.44 (-1.95)
HLD-000016,2,Do not progress,0.0003,0.0025,0.9955,0.0017,0.0001,0.0001,0.0,ImpactRiskMean=36 (-4.23); EstimatedImpactScore=33 (-2.73); ExpectedFinancialRedressGBP=343.89 (-2.36)
HLD-000017,4,Progress,0.4487,0.0002,0.001,0.5502,0.4451,0.0032,0.0004,ImpactRiskMean=62 (+4.62); EstimatedImpactScore=70 (+4.24); ExpectedFinancialRedressGBP=867.23 (-1.37)
HLD-000018,2,Do not progress,0.0002,0.0004,0.9942,0.0052,0.0001,0.0001,0.0,ImpactRiskMean=38.50 (-4.36); EstimatedImpactScore=31 (-3.34); DurationAffectedDays=206 (+1.80)
HLD-000019,1,Do not progress,0.0,0.9989,0.001,0.0,0.0,0.0,0.0,ImpactRiskMean=29 (-5.12); EstimatedImpactScore=26 (-3.10); ExpectedFinancialRedressGBP=119.35 (-2.44)
HLD-000020,4,Progress,0.0972,0.0001,0.0002,0.9025,0.0971,0.0,0.0,ImpactRiskMean=59.50 (+1.99); DurationAffectedDays=166 (+1.22); ExpectedFinancialRedressGBP=755.47 (-1.19)
HLD-000021,4,Progress,0.9988,0.0,0.0,0.0011,0.9985,0.0004,0.0,EstimatedImpactScore=73 (+7.04); ExpectedFinancialRedressGBP=2713.56 (+4.11); ImpactRiskMean=59 (+1.92)
HLD-000022,4,Progress,0.5256,0.0002,0.0235,0.4507,0.5226,0.0024,0.0006,ExpectedFinancialRedressGBP=2659.56 (+4.42); EstimatedImpactScore=51 (-3.29); RecoveryTimeMonths=9 (+1.55)
HLD-000023,4,Progress,0.1817,0.0001,0.0016,0.8166,0.1812,0.0004,0.0001,ImpactRiskMean=60 (+2.13); RecoveryTimeMonths=7 (+1.29); ExpectedFinancialRedressGBP=733.07 (-1.09)
HLD-000024,4,Progress,0.9531,0.0007,0.0024,0.0438,0.9375,0.0153,0.0003,EstimatedImpactScore=75 (+7.29); ImpactRiskMean=69.50 (+7.19); RecoveryTimeMonths=4 (+0.85)
HLD-000025,1,Do not progress,0.0001,0.9217,0.0781,0.0001,0.0001,0.0,0.0,ImpactRiskMean=33.50 (-4.71); EstimatedImpactScore=37 (-3.19); ExpectedFinancialRedressGBP=194.12 (-2.49)
HLD-000026,4,Progress,0.7642,0.0001,0.0057,0.23,0.7638,0.0003,0.0001,EstimatedImpactScore=72 (+6.67); ImpactRiskMean=60.50 (+2.08); ExpectedFinancialRedressGBP=831.18 (-1.13)
HLD-000027,4,Progress,0.995,0.0002,0.0025,0.0024,0.9909,0.004,0.0,EstimatedImpactScore=77 (+8.81); ImpactRiskMean=72 (+8.12); ExpectedFinancialRedressGBP=864.44 (-1.08)
HLD-000028,1,Do not progress,0.0,0.9999,0.0001,0.0,0.0,0.0,0.0,ImpactRiskMean=18.50 (-4.97); EstimatedImpactScore=17 (-3.02); ExpectedFinancialRedressGBP=250.78 (-2.00)
HLD-000029,1,Do not progress,0.0,0.9809,0.019,0.0001,0.0,0.0,0.0,ImpactRiskMean=24 (-5.40); EstimatedImpactScore=25 (-3.10); ExpectedFinancialRedressGBP=300.84 (-2.12)
HLD-000030,3,Do not progress,0.0014,0.0,0.0007,0.998,0.0013,0.0,0.0,EstimatedImpactScore=52 (-2.52); ImpactRiskMean=48.50 (-2.27); DurationAffectedDays=378 (+1.68)
HLD-000031,2,Do not progress,0.0024,0.0038,0.8949,0.0989,0.002,0.0003,0.0001,ImpactRiskMean=36.50 (-4.06); ExpectedFinancialRedressGBP=551.87 (-1.72); EstimatedImpactScore=54 (-1.69)
HLD-000032,1,Do not progress,0.0,0.9997,0.0003,0.0,0.0,0.0,0.0,ImpactRiskMean=31.50 (-5.14); EstimatedImpactScore=24 (-2.95); ExpectedFinancialRedressGBP=243.21 (-2.26)
HLD-000033,1,Do not progress,0.0,1.0,0.0,0.0,0.0,0.0,0.0,ImpactRiskMean=29.50 (-5.07); EstimatedImpactScore=23 (-2.92); ExpectedFinancialRedressGBP=122.68 (-2.33)
HLD-000034,2,Do not progress,0.0002,0.0001,0.9658,0.034,0.0001,0.0,0.0,EstimatedImpactScore=38 (-3.80); ImpactRiskMean=51.50 (-2.34); ExpectedFinancialRedressGBP=716.51 (-1.10)
HLD-000035,4,Progress,0.9954,0.0,0.0001,0.0046,0.9936,0.0018,0.0,ImpactRiskMean=64 (+6.37); EstimatedImpactScore=67 (+3.47); ExpectedFinancialRedressGBP=1971.68 (+2.62)
HLD-000036,2,Do not progress,0.0001,0.0004,0.9988,0.0007,0.0,0.0,0.0,EstimatedImpactScore=36 (-3.76); ImpactRiskMean=43 (-3.26); ExpectedFinancialRedressGBP=394.35 (-2.19)
HLD-000037,3,Do not progress,0.0006,0.0,0.001,0.9984,0.0005,0.0,0.0,RecoveryTimeMonths=8 (+1.76); EstimatedImpactScore=55 (-1.73); ExpectedFinancialRedressGBP=859.66 (-1.17)
HLD-000038,4,Progress,0.2387,0.0315,0.3174,0.4124,0.2277,0.0093,0.0017,ExpectedFinancialRedressGBP=225.24 (-3.08); EstimatedImpactScore=47 (-2.95); ImpactRiskMean=59 (+2.00)
HLD-000039,4,Progress,0.9968,0.0,0.0001,0.0031,0.7857,0.2111,0.0,ImpactRiskMean=71.50 (+8.13); EstimatedImpactScore=72 (+6.66); ExpectedFinancialRedressGBP=3373.75 (+4.36)
HLD-000040,3,Do not progress,0.0002,0.0002,0.4611,0.5384,0.0001,0.0001,0.0,EstimatedImpactScore=43 (-4.40); ImpactRiskMean=43 (-3.57); ExpectedFinancialRedressGBP=1884.98 (+2.15)
HLD-000041,4,Progress,0.8737,0.0,0.0004,0.1259,0.8734,0.0002,0.0,EstimatedImpactScore=64 (+2.55); ExpectedFinancialRedressGBP=1665.63 (+1.71); DurationAffectedDays=244 (+1.63)
HLD-000042,2,Do not progress,0.0001,0.0148,0.985,0.0001,0.0,0.0,0.0,ImpactRiskMean=32 (-5.08); EstimatedImpactScore=38 (-3.29); ExpectedFinancialRedressGBP=467.61 (-1.49)
HLD-000043,2,Do not progress,0.0003,0.0004,0.9887,0.0106,0.0001,0.0001,0.0,EstimatedImpactScore=37 (-3.59); ImpactRiskMean=47 (-2.28); ExpectedFinancialRedressGBP=490.08 (-1.77)
HLD-000044,2,Do not progress,0.0003,0.0006,0.6187,0.3804,0.0001,0.0001,0.0001,EstimatedImpactScore=40 (-3.85); ImpactRiskMean=45.50 (-2.25); ExpectedFinancialRedressGBP=656.59 (-1.67)
HLD-000045,4,Progress,0.999,0.0,0.0,0.0009,0.9983,0.0007,0.0,ImpactRiskMean=72 (+8.02); EstimatedImpactScore=76 (+7.81); DurationAffectedDays=151 (+1.10)
HLD-000046,2,Do not progress,0.0001,0.0027,0.9932,0.004,0.0,0.0001,0.0,ImpactRiskMean=39.50 (-4.06); EstimatedImpactScore=35 (-2.95); ExpectedFinancialRedressGBP=523.56 (-1.31)
HLD-000047,1,Do not progress,0.0,0.9999,0.0001,0.0,0.0,0.0,0.0,ImpactRiskMean=33.50 (-4.89); EstimatedImpactScore=23 (-2.78); ExpectedFinancialRedressGBP=248.11 (-2.07)
HLD-000048,6,Progress,0.9999,0.0,0.0,0.0,0.0001,0.0264,0.9734,EstimatedImpactScore=100 (+10.23); ImpactRiskMean=80.50 (+8.08); ExpectedFinancialRedressGBP=6745.45 (+4.14)
HLD-000049,2,Do not progress,0.0001,0.0027,0.9948,0.0024,0.0,0.0,0.0,EstimatedImpactScore=36 (-3.44); ImpactRiskMean=42.50 (-3.05); ExpectedFinancialRedressGBP=458.22 (-1.81)
HLD-000050,2,Do not progress,0.0009,0.0012,0.9486,0.0492,0.0005,0.0003,0.0001,ImpactRiskMean=41 (-3.86); EstimatedImpactScore=37 (-3.83); DurationAffectedDays=216 (+1.84)
HLD-000051,3,Do not progress,0.0072,0.0,0.0014,0.9914,0.0069,0.0002,0.0,ExpectedFinancialRedressGBP=2059.26 (+2.56); ImpactRiskMean=52 (-2.14); EstimatedImpactScore=56 (-0.96)
HLD-000052,4,Progress,0.9994,0.0,0.0,0.0006,0.9992,0.0001,0.0,EstimatedImpactScore=76 (+8.28); ImpactRiskMean=62.50 (+5.43); VulnerabilityXImpact=9 (+1.13)
HLD-000053,5,Progress,0.9997,0.0,0.0001,0.0002,0.0034,0.9897,0.0066,ImpactRiskMean=84 (+8.65); EstimatedImpactScore=93 (+8.18); ExpectedFinancialRedressGBP=3957.44 (+3.05)
HLD-000054,4,Progress,0.9957,0.0,0.0001,0.0042,0.9952,0.0005,0.0,ImpactRiskMean=64 (+6.87); EstimatedImpactScore=69 (+4.03); VulnerabilityXImpact=12 (+1.41)
HLD-000055,4,Progress,0.6192,0.0002,0.0007,0.3799,0.6187,0.0004,0.0001,ExpectedFinancialRedressGBP=3307.43 (+4.50); EstimatedImpactScore=61 (+1.23); ImpactRiskMean=57 (+1.12)
HLD-000056,3,Do not progress,0.0101,0.0007,0.3131,0.676,0.0099,0.0002,0.0001,EstimatedImpactScore=47 (-4.38); ExpectedFinancialRedressGBP=867.09 (-1.05); RecoveryTimeMonths=4 (+0.87)
HLD-000057,2,Do not progress,0.0001,0.0042,0.9811,0.0146,0.0,0.0,0.0,ImpactRiskMean=37.50 (-4.16); EstimatedImpactScore=39 (-3.64); ExpectedFinancialRedressGBP=689.69 (-1.24)
HLD-000058,5,Progress,1.0,0.0,0.0,0.0,0.004,0.9958,0.0002,ImpactRiskMean=75 (+8.81); EstimatedImpactScore=92 (+8.71); ExpectedFinancialRedressGBP=2604.08 (+3.51)
HLD-000059,2,Do not progress,0.0008,0.0102,0.9863,0.0028,0.0007,0.0001,0.0,ImpactRiskMean=40 (-4.04); EstimatedImpactScore=35 (-2.90); AdditionalCostsGBP=47.41 (+0.77)
HLD-000060,5,Progress,0.9449,0.0003,0.0008,0.0541,0.4684,0.4757,0.0008,ImpactRiskMean=75.50 (+9.03); ExpectedFinancialRedressGBP=3758.99 (+4.02); EstimatedImpactScore=63 (+2.42)
HLD-000061,6,Progress,0.9999,0.0,0.0,0.0001,0.0002,0.0236,0.976,EstimatedImpactScore=95 (+9.34); ImpactRiskMean=95 (+8.06); ExpectedFinancialRedressGBP=8722.43 (+4.40)
HLD-000062,3,Do not progress,0.0001,0.0001,0.1808,0.819,0.0,0.0,0.0,EstimatedImpactScore=52 (-2.94); ImpactRiskMean=47 (-2.54); ExpectedFinancialRedressGBP=628.95 (-1.74)
HLD-000063,2,Do not progress,0.0017,0.0035,0.8417,0.1531,0.0015,0.0001,0.0,ImpactRiskMean=38.50 (-4.56); EstimatedImpactScore=40 (-4.20); AdditionalCostsGBP=27.73 (+1.39)
HLD-000064,5,Progress,0.9998,0.0,0.0,0.0002,0.0357,0.9641,0.0,EstimatedImpactScore=81 (+8.16); ImpactRiskMean=73 (+7.83); ExpectedFinancialRedressGBP=4347.03 (+3.91)
HLD-000065,2,Do not progress,0.0009,0.494,0.4965,0.0086,0.0003,0.0004,0.0002,EstimatedImpactScore=23 (-3.49); ImpactRiskMean=43 (-3.38); ExpectedFinancialRedressGBP=132.41 (-2.51)
HLD-000066,1,Do not progress,0.0,0.9683,0.0316,0.0001,0.0,0.0,0.0,ImpactRiskMean=32 (-5.02); EstimatedImpactScore=16 (-3.22); ExpectedFinancialRedressGBP=380.18 (-1.81)
HLD-000067,2,Do not progress,0.0002,0.0043,0.9849,0.0107,0.0001,0.0001,0.0,ImpactRiskMean=39.50 (-4.16); EstimatedImpactScore=34 (-2.85); ExpectedFinancialRedressGBP=700.33 (-1.03)
HLD-000068,2,Do not progress,0.0007,0.0021,0.9291,0.0681,0.0002,0.0005,0.0,EstimatedImpactScore=47 (-3.71); ImpactRiskMean=42 (-3.52); ExpectedFinancialRedressGBP=682.68 (-1.50)
HLD-000069,6,Progress,1.0,0.0,0.0,0.0,0.0,0.0001,0.9999,EstimatedImpactScore=97 (+10.03); ImpactRiskMean=98 (+8.14); ExpectedFinancialRedressGBP=7169.29 (+3.83)
HLD-000070,2,Do not progress,0.0004,0.0315,0.9407,0.0273,0.0002,0.0002,0.0,ImpactRiskMean=31 (-5.26); EstimatedImpactScore=40 (-3.57); ExpectedFinancialRedressGBP=729.54 (-0.86)
HLD-000071,5,Progress,0.998,0.0002,0.0003,0.0015,0.0144,0.9599,0.0237,ImpactRiskMean=76 (+7.77); EstimatedImpactScore=78 (+7.50); ExpectedFinancialRedressGBP=15011.67 (+5.25)
HLD-000072,6,Progress,0.9993,0.0001,0.0001,0.0005,0.0041,0.4732,0.522,ImpactRiskMean=86.50 (+9.07); EstimatedImpactScore=86 (+7.42); ExpectedFinancialRedressGBP=11060.49 (+4.76)
HLD-000073,2,Do not progress,0.0001,0.0069,0.9804,0.0126,0.0001,0.0001,0.0,ImpactRiskMean=40 (-3.55); EstimatedImpactScore=50 (-3.40); ExpectedFinancialRedressGBP=390.32 (-2.24)
HLD-000074,3,Do not progress,0.0086,0.0,0.0015,0.9899,0.0082,0.0004,0.0,ExpectedFinancialRedressGBP=2247.27 (+3.31); DelayInResolutionDays=45 (-0.88); DurationAffectedDays=32 (-0.85)
HLD-000075,1,Do not progress,0.0,0.9948,0.0052,0.0,0.0,0.0,0.0,ImpactRiskMean=27.50 (-5.08); EstimatedImpactScore=30 (-2.77); ExpectedFinancialRedressGBP=65.98 (-2.51)
HLD-000076,1,Do not progress,0.0,0.9999,0.0001,0.0,0.0,0.0,0.0,ImpactRiskMean=15.50 (-4.77); EstimatedImpactScore=13 (-2.88); ExpectedFinancialRedressGBP=318.73 (-2.00)
HLD-000077,4,Progress,0.9952,0.0,0.0001,0.0047,0.962,0.0331,0.0,ImpactRiskMean=70 (+8.02); EstimatedImpactScore=71 (+5.59); ExpectedFinancialRedressGBP=1866.56 (+2.31)
HLD-000078,3,Do not progress,0.0092,0.0005,0.0314,0.9589,0.0088,0.0003,0.0001,ExpectedFinancialRedressGBP=385.18 (-3.03); EstimatedImpactScore=54 (-1.89); ImpactRiskMean=58.50 (+1.45)
HLD-000079,3,Do not progress,0.0001,0.0,0.0069,0.993,0.0001,0.0,0.0,ImpactRiskMean=47.50 (-2.61); ExpectedFinancialRedressGBP=597.87 (-2.44); EstimatedImpactScore=58 (-0.92)
HLD-000080,1,Do not progress,0.0007,0.8563,0.136,0.007,0.0005,0.0001,0.0001,ImpactRiskMean=23 (-5.31); EstimatedImpactScore=29 (-2.74); AdditionalCostsGBP=42.89 (+1.04)
HLD-000081,2,Do not progress,0.0002,0.0054,0.9937,0.0007,0.0002,0.0,0.0,EstimatedImpactScore=32 (-3.14); ImpactRiskMean=43 (-2.88); ExpectedFinancialRedressGBP=296.69 (-2.16)
HLD-000082,1,Do not progress,0.0,1.0,0.0,0.0,0.0,0.0,0.0,ImpactRiskMean=22 (-4.89); EstimatedImpactScore=19 (-2.80); ExpectedFinancialRedressGBP=272.92 (-1.71)
HLD-000083,5,Progress,0.9993,0.0001,0.0001,0.0005,0.1324,0.866,0.0009,ImpactRiskMean=81.50 (+8.57); EstimatedImpactScore=83 (+8.07); ExpectedFinancialRedressGBP=2751.34 (+3.33)
HLD-000084,1,Do not progress,0.0,0.9993,0.0007,0.0,0.0,0.0,0.0,ImpactRiskMean=26.50 (-5.19); EstimatedImpactScore=28 (-2.69); ExpectedFinancialRedressGBP=112.70 (-2.26)
HLD-000085,6,Progress,1.0,0.0,0.0,0.0,0.0,0.0009,0.9991,EstimatedImpactScore=100 (+10.38); ImpactRiskMean=97.50 (+8.27); ExpectedFinancialRedressGBP=7331.24 (+4.12)
HLD-000086,3,Do not progress,0.0063,0.0001,0.0376,0.956,0.0061,0.0002,0.0,ImpactRiskMean=48 (-2.35); EstimatedImpactScore=53 (-1.80); PriorComplaintsRaised=3 (+1.16)
HLD-000087,6,Progress,1.0,0.0,0.0,0.0,0.0,0.0,0.9999,EstimatedImpactScore=100 (+9.68); ImpactRiskMean=99 (+7.61); ExpectedFinancialRedressGBP=11383.30 (+3.64)
HLD-000088,3,Do not progress,0.0394,0.0016,0.112,0.847,0.0271,0.0118,0.0004,EstimatedImpactScore=47 (-3.75); ImpactRiskMean=43 (-3.66); ExpectedFinancialRedressGBP=2315.71 (+3.57)
HLD-000089,6,Progress,1.0,0.0,0.0,0.0,0.0001,0.0049,0.9949,EstimatedImpactScore=100 (+9.54); ImpactRiskMean=92.50 (+8.75); ExpectedFinancialRedressGBP=11442.23 (+4.51)
HLD-000090,2,Do not progress,0.0001,0.0001,0.5504,0.4494,0.0,0.0,0.0,EstimatedImpactScore=45 (-4.35); ImpactRiskMean=50 (-2.28); ExpectedFinancialRedressGBP=510.43 (-1.82)
HLD-000091,3,Do not progress,0.0011,0.0001,0.1068,0.8919,0.0011,0.0,0.0,ImpactRiskMean=50.50 (-2.21); AdditionalCostsGBP=37.01 (+1.89); EstimatedImpactScore=56 (-1.37)
HLD-000092,1,Do not progress,0.0,0.9949,0.005,0.0,0.0,0.0,0.0,ImpactRiskMean=26.50 (-5.50); EstimatedImpactScore=27 (-3.10); ExpectedFinancialRedressGBP=234.92 (-2.49)
HLD-000093,1,Do not progress,0.0,0.9978,0.0021,0.0,0.0,0.0,0.0,ImpactRiskMean=30 (-4.80); EstimatedImpactScore=14 (-2.85); ExpectedFinancialRedressGBP=148.59 (-2.10)
HLD-000094,2,Do not progress,0.0,0.0005,0.9989,0.0006,0.0,0.0,0.0,ImpactRiskMean=35.50 (-3.72); EstimatedImpactScore=42 (-3.58); ExpectedFinancialRedressGBP=583.02 (-1.35)
HLD-000095,5,Progress,0.9994,0.0,0.0002,0.0003,0.056,0.9408,0.0026,EstimatedImpactScore=81 (+7.90); ImpactRiskMean=68 (+7.31); ExpectedFinancialRedressGBP=24611.19 (+6.18)
HLD-000096,4,Progress,0.9986,0.0001,0.0003,0.0009,0.8004,0.1978,0.0004,ImpactRiskMean=74 (+8.57); EstimatedImpactScore=79 (+8.11); DurationAffectedDays=279 (+1.34)
HLD-000097,3,Do not progress,0.0007,0.0,0.0194,0.9798,0.0007,0.0,0.0,ImpactRiskMean=47 (-2.40); EstimatedImpactScore=56 (-1.18); ExpectedFinancialRedressGBP=916.69 (-0.98)
HLD-000098,4,Progress,0.891,0.0001,0.0006,0.1084,0.8904,0.0005,0.0001,ExpectedFinancialRedressGBP=3056.21 (+4.49); EstimatedImpactScore=65 (+2.68); LogExpectedFinancialRedressGBP=8.03 (+0.88)
HLD-000099,4,Progress,0.7192,0.0,0.0006,0.2802,0.7189,0.0003,0.0,ImpactRiskMean=61 (+3.78); EstimatedImpactScore=62 (+1.72); AdditionalCostsGBP=57.60 (+0.87)
HLD-000100,2,Do not progress,0.0001,0.0002,0.9896,0.0101,0.0001,0.0,0.0,ImpactRiskMean=35.50 (-4.18); EstimatedImpactScore=39 (-3.52); RecoveryTimeMonths=1 (-0.68)
HLD-000101,4,Progress,0.5034,0.0013,0.0289,0.4664,0.3733,0.1294,0.0008,ImpactRiskMean=71 (+8.22); EstimatedImpactScore=47 (-3.54); ExpectedFinancialRedressGBP=705.19 (-1.28)
HLD-000102,1,Do not progress,0.0006,0.7603,0.2354,0.0038,0.0003,0.0001,0.0001,ImpactRiskMean=36 (-4.27); EstimatedImpactScore=35 (-2.56); ExpectedFinancialRedressGBP=509.15 (-1.04)
HLD-000103,6,Progress,0.9993,0.0,0.0001,0.0007,0.0011,0.2369,0.7613,EstimatedImpactScore=96 (+10.19); ImpactRiskMean=93 (+9.37); ExpectedFinancialRedressGBP=7184.09 (+5.12)
HLD-000104,1,Do not progress,0.0003,0.5558,0.4429,0.001,0.0001,0.0001,0.0001,ImpactRiskMean=29 (-5.20); EstimatedImpactScore=26 (-3.44); ExpectedFinancialRedressGBP=433.83 (-1.65)
HLD-000105,2,Do not progress,0.0003,0.0914,0.9015,0.0068,0.0001,0.0001,0.0001,ImpactRiskMean=40.50 (-3.97); EstimatedImpactScore=29 (-3.27); RecoveryTimeMonths=1 (-0.68)
HLD-000106,4,Progress,0.3458,0.0041,0.0471,0.603,0.3446,0.0004,0.0008,ImpactRiskMean=41.50 (-3.95); EstimatedImpactScore=63 (+2.19); ImpactRiskGap=43 (+1.63)
HLD-000107,3,Do not progress,0.0169,0.0001,0.0191,0.9638,0.0167,0.0001,0.0001,EstimatedImpactScore=70 (+4.17); ExpectedFinancialRedressGBP=504.96 (-2.39); ImpactRiskMean=52.50 (-1.60)
HLD-000108,1,Do not progress,0.0,0.9993,0.0007,0.0001,0.0,0.0,0.0,ImpactRiskMean=14.50 (-4.92); EstimatedImpactScore=7 (-3.05); ExpectedFinancialRedressGBP=570.72 (-1.16)
HLD-000109,1,Do not progress,0.0,0.9997,0.0003,0.0,0.0,0.0,0.0,ImpactRiskMean=27.50 (-4.88); EstimatedImpactScore=11 (-2.57); ExpectedFinancialRedressGBP=86.11 (-1.98)
HLD-000110,5,Progress,0.9991,0.0001,0.0004,0.0005,0.0899,0.9089,0.0003,ImpactRiskMean=74.50 (+8.50); EstimatedImpactScore=84 (+8.32); ExpectedFinancialRedressGBP=2522.72 (+2.87)
HLD-000111,3,Do not progress,0.0008,0.0003,0.2597,0.7392,0.0007,0.0001,0.0,ImpactRiskMean=52.50 (-2.16); ExpectedFinancialRedressGBP=729.75 (-1.04); EstimatedImpactScore=57 (-1.00)
HLD-000112,1,Do not progress,0.0,0.9998,0.0002,0.0,0.0,0.0,0.0,ImpactRiskMean=22.50 (-4.65); EstimatedImpactScore=30 (-2.68); ExpectedFinancialRedressGBP=147.86 (-2.30)
HLD-000113,1,Do not progress,0.0001,0.9599,0.0396,0.0004,0.0,0.0,0.0,ImpactRiskMean=33 (-5.17); EstimatedImpactScore=27 (-2.95); ExpectedFinancialRedressGBP=352.78 (-2.09)
HLD-000114,4,Progress,0.9985,0.0,0.0001,0.0014,0.9835,0.0149,0.0002,ImpactRiskMean=76 (+9.53); EstimatedImpactScore=75 (+7.87); VulnerabilityXImpact=9 (+1.25)
HLD-000115,4,Progress,0.0852,0.0,0.0002,0.9146,0.0851,0.0,0.0,EstimatedImpactScore=65 (+2.12); ImpactRiskMean=58 (+1.34); RecoveryTimeMonths=6 (+1.16)
HLD-000116,3,Do not progress,0.0107,0.0,0.0004,0.9889,0.0107,0.0,0.0,ImpactRiskMean=63 (+5.74); EstimatedImpactScore=55 (-1.42); RecoveryTimeMonths=1 (-0.74)
HLD-000117,4,Progress,0.9957,0.0,0.0001,0.0042,0.9957,0.0,0.0,EstimatedImpactScore=71 (+5.80); ImpactRiskMean=61.50 (+4.04); VulnerabilityXImpact=8 (+0.94)
HLD-000118,1,Do not progress,0.0,0.9998,0.0002,0.0,0.0,0.0,0.0,ImpactRiskMean=25 (-5.25); EstimatedImpactScore=25 (-2.86); ExpectedFinancialRedressGBP=179.58 (-2.37)
HLD-000119,1,Do not progress,0.0001,0.9933,0.0063,0.0003,0.0,0.0,0.0,ImpactRiskMean=23 (-4.50); ExpectedFinancialRedressGBP=222.86 (-2.49); EstimatedImpactScore=33 (-2.43)
HLD-000120,1,Do not progress,0.0,0.9989,0.0011,0.0,0.0,0.0,0.0,ImpactRiskMean=28.50 (-5.18); EstimatedImpactScore=29 (-2.63); ExpectedFinancialRedressGBP=174.04 (-2.52)
HLD-000121,4,Progress,0.0841,0.0002,0.002,0.9137,0.0832,0.0008,0.0001,ImpactRiskMean=65 (+6.36); EstimatedImpactScore=68 (+2.62); ExpectedFinancialRedressGBP=612.04 (-2.39)
HLD-000122,1,Do not progress,0.0,0.9998,0.0002,0.0,0.0,0.0,0.0,ImpactRiskMean=22 (-4.77); EstimatedImpactScore=20 (-2.67); ExpectedFinancialRedressGBP=221.11 (-2.22)
HLD-000123,1,Do not progress,0.0002,0.9836,0.0159,0.0003,0.0001,0.0001,0.0,ImpactRiskMean=17.50 (-4.75); EstimatedImpactScore=15 (-3.19); ExpectedFinancialRedressGBP=300.94 (-1.87)
HLD-000124,1,Do not progress,0.0,0.9042,0.0955,0.0002,0.0,0.0,0.0,ImpactRiskMean=29 (-5.37); EstimatedImpactScore=26 (-3.42); ExpectedFinancialRedressGBP=449.21 (-1.82)
HLD-000125,4,Progress,0.1352,0.0,0.0003,0.8645,0.1351,0.0001,0.0,ExpectedFinancialRedressGBP=1870.26 (+2.21); ImpactRiskMean=59 (+1.91); EstimatedImpactScore=61 (+1.24)
HLD-000126,2,Do not progress,0.0004,0.0234,0.9705,0.0057,0.0003,0.0001,0.0001,ImpactRiskMean=37 (-4.48); EstimatedImpactScore=24 (-4.26); ExpectedFinancialRedressGBP=763.56 (-0.77)
HLD-000127,3,Do not progress,0.0037,0.0001,0.0122,0.9841,0.0036,0.0001,0.0,ImpactRiskMean=52 (-2.03); EstimatedImpactScore=53 (-1.79); ExpectedFinancialRedressGBP=814.82 (-0.92)
HLD-000128,4,Progress,0.9915,0.0,0.0,0.0085,0.9912,0.0003,0.0,EstimatedImpactScore=71 (+5.48); ImpactRiskMean=62 (+5.14); DurationAffectedDays=208 (+1.37)
HLD-000129,4,Progress,0.9919,0.0,0.0001,0.008,0.9908,0.0011,0.0,EstimatedImpactScore=72 (+5.87); ImpactRiskMean=62 (+4.94); DurationAffectedDays=192 (+1.40)
HLD-000130,2,Do not progress,0.0002,0.0006,0.9657,0.0336,0.0001,0.0001,0.0,ImpactRiskMean=36.50 (-4.44); EstimatedImpactScore=40 (-3.88); ExpectedFinancialRedressGBP=933.31 (-0.49)
HLD-000131,1,Do not progress,0.0001,0.9812,0.0184,0.0002,0.0001,0.0,0.0,ImpactRiskMean=36 (-4.14); EstimatedImpactScore=20 (-2.95); ExpectedFinancialRedressGBP=131.65 (-2.71)
HLD-000132,2,Do not progress,0.0011,0.1594,0.8214,0.018,0.0004,0.0004,0.0003,EstimatedImpactScore=38 (-3.63); ImpactRiskMean=43.50 (-3.42); ExpectedFinancialRedressGBP=129.26 (-3.00)
HLD-000133,4,Progress,0.7637,0.0005,0.0032,0.2327,0.5994,0.1624,0.0019,ImpactRiskMean=65 (+6.87); ExpectedFinancialRedressGBP=3580.36 (+4.42); EstimatedImpactScore=47 (-3.34)
HLD-000134,2,Do not progress,0.0008,0.0294,0.952,0.0179,0.0006,0.0001,0.0001,ImpactRiskMean=35 (-4.29); EstimatedImpactScore=39 (-3.00); ExpectedFinancialRedressGBP=446.75 (-1.74)
HLD-000135,1,Do not progress,0.0,0.9766,0.0233,0.0002,0.0,0.0,0.0,ImpactRiskMean=31 (-4.94); EstimatedImpactScore=22 (-2.99); ExpectedFinancialRedressGBP=500.11 (-1.18)
HLD-000136,1,Do not progress,0.0003,0.8635,0.1351,0.0012,0.0001,0.0001,0.0,ImpactRiskMean=42 (-3.92); EstimatedImpactScore=25 (-3.28); ExpectedFinancialRedressGBP=242.41 (-2.19)
HLD-000137,1,Do not progress,0.0,0.9934,0.0066,0.0,0.0,0.0,0.0,ImpactRiskMean=27 (-5.34); EstimatedImpactScore=12 (-2.95); ExpectedFinancialRedressGBP=302.49 (-1.81)
HLD-000138,5,Progress,0.9999,0.0,0.0,0.0001,0.0028,0.9965,0.0005,ImpactRiskMean=74 (+7.60); EstimatedImpactScore=83 (+7.58); ExpectedFinancialRedressGBP=6887.56 (+4.34)
HLD-000139,1,Do not progress,0.0,0.9996,0.0004,0.0,0.0,0.0,0.0,ImpactRiskMean=14 (-4.62); EstimatedImpactScore=7 (-2.64); ExpectedFinancialRedressGBP=238.35 (-1.92)
HLD-000140,1,Do not progress,0.0001,0.9959,0.0034,0.0007,0.0001,0.0,0.0,ImpactRiskMean=22.50 (-5.00); EstimatedImpactScore=17 (-3.65); LostIncomeGBP=681.29 (+1.31)
HLD-000141,3,Do not progress,0.0027,0.0002,0.1624,0.8346,0.0024,0.0003,0.0001,ExpectedFinancialRedressGBP=266.05 (-3.05); ImpactRiskMean=49 (-2.32); DurationAffectedDays=613 (+1.87)
HLD-000142,1,Do not progress,0.0,0.999,0.001,0.0,0.0,0.0,0.0,ImpactRiskMean=26 (-5.42); EstimatedImpactScore=12 (-2.82); ExpectedFinancialRedressGBP=385.89 (-1.75)
HLD-000143,1,Do not progress,0.0,0.9998,0.0002,0.0,0.0,0.0,0.0,ImpactRiskMean=24 (-5.31); EstimatedImpactScore=22 (-2.82); ExpectedFinancialRedressGBP=427.92 (-1.54)
HLD-000144,4,Progress,0.9979,0.0,0.0,0.0021,0.6867,0.3112,0.0,ImpactRiskMean=68 (+8.01); EstimatedImpactScore=73 (+7.10); ExpectedFinancialRedressGBP=3755.99 (+4.84)
HLD-000145,5,Progress,0.9926,0.0002,0.0011,0.0061,0.1752,0.8103,0.0071,EstimatedImpactScore=94 (+9.41); ImpactRiskMean=70.50 (+6.73); ImpactRiskGap=47 (+1.75)
HLD-000146,4,Progress,0.9884,0.0,0.0,0.0115,0.988,0.0005,0.0,ImpactRiskMean=63 (+6.25); EstimatedImpactScore=65 (+2.83); ExpectedFinancialRedressGBP=1742.59 (+2.32)
HLD-000147,3,Do not progress,0.0003,0.0002,0.4033,0.5962,0.0002,0.0001,0.0,EstimatedImpactScore=49 (-3.77); ExpectedFinancialRedressGBP=431.62 (-2.40); ImpactRiskMean=54 (-0.82)
HLD-000148,1,Do not progress,0.0,0.9964,0.0035,0.0001,0.0,0.0,0.0,ImpactRiskMean=15.50 (-4.88); EstimatedImpactScore=11 (-2.99); ExpectedFinancialRedressGBP=432.30 (-1.72)
HLD-000149,2,Do not progress,0.0003,0.0012,0.8776,0.1209,0.0001,0.0001,0.0001,EstimatedImpactScore=41 (-3.68); ExpectedFinancialRedressGBP=403.16 (-2.36); ImpactRiskMean=48 (-2.15)
HLD-000150,1,Do not progress,0.0,0.9947,0.0052,0.0001,0.0,0.0,0.0,ImpactRiskMean=21 (-4.57); EstimatedImpactScore=23 (-2.73); ExpectedFinancialRedressGBP=326.31 (-1.97)
HLD-000151,1,Do not progress,0.0,0.9999,0.0,0.0,0.0,0.0,0.0,ImpactRiskMean=31.50 (-5.07); EstimatedImpactScore=19 (-2.77); ExpectedFinancialRedressGBP=223.51 (-2.11)
HLD-000152,1,Do not progress,0.0001,0.8719,0.1279,0.0001,0.0,0.0,0.0,ImpactRiskMean=30 (-5.14); EstimatedImpactScore=28 (-3.09); ExpectedFinancialRedressGBP=473.93 (-1.39)
HLD-000153,5,Progress,0.9983,0.0001,0.0002,0.0014,0.3082,0.69,0.0001,EstimatedImpactScore=80 (+8.65); ImpactRiskMean=73.50 (+8.35); ExpectedFinancialRedressGBP=4119.51 (+4.14)
HLD-000154,6,Progress,0.9999,0.0,0.0,0.0001,0.0002,0.074,0.9258,EstimatedImpactScore=100 (+9.91); ImpactRiskMean=86 (+8.19); ExpectedFinancialRedressGBP=3647.73 (+2.57)
HLD-000155,5,Progress,0.9975,0.0001,0.0005,0.0019,0.0349,0.9148,0.0478,ImpactRiskMean=79 (+8.48); EstimatedImpactScore=76 (+7.00); ExpectedFinancialRedressGBP=10418.86 (+5.56)
HLD-000156,4,Progress,0.6041,0.0,0.0008,0.3951,0.604,0.0001,0.0001,DurationAffectedDays=208 (+1.24); ImpactRiskMean=53 (-0.88); PriorComplaintsRaised=3 (+0.85)
HLD-000157,3,Do not progress,0.0185,0.0021,0.3999,0.5795,0.0159,0.0022,0.0003,ImpactRiskMean=32.50 (-5.15); EstimatedImpactScore=44 (-4.09); ExpectedFinancialRedressGBP=2140.19 (+2.92)
HLD-000158,2,Do not progress,0.0011,0.4009,0.5913,0.0067,0.0004,0.0005,0.0002,ImpactRiskMean=39 (-4.42); EstimatedImpactScore=36 (-3.60); ExpectedFinancialRedressGBP=148.62 (-3.25)
HLD-000159,2,Do not progress,0.0001,0.4248,0.5748,0.0003,0.0001,0.0,0.0,ImpactRiskMean=26.50 (-5.40); EstimatedImpactScore=34 (-2.68); ExpectedFinancialRedressGBP=233.67 (-2.53)
HLD-000160,1,Do not progress,0.0002,0.7013,0.2977,0.0008,0.0001,0.0,0.0,ImpactRiskMean=28.50 (-5.41); EstimatedImpactScore=24 (-3.36); ExpectedFinancialRedressGBP=512.17 (-1.18)
HLD-000161,2,Do not progress,0.0001,0.0002,0.9988,0.0008,0.0001,0.0,0.0,ImpactRiskMean=39.50 (-4.07); EstimatedImpactScore=33 (-2.95); DurationAffectedDays=196 (+1.60)
HLD-000162,2,Do not progress,0.0003,0.0072,0.964,0.0286,0.0001,0.0001,0.0001,EstimatedImpactScore=48 (-3.43); ExpectedFinancialRedressGBP=119.76 (-2.77); ImpactRiskMean=44.50 (-2.61)
HLD-000163,1,Do not progress,0.0,0.9995,0.0005,0.0,0.0,0.0,0.0,ImpactRiskMean=23.50 (-4.65); EstimatedImpactScore=21 (-2.84); ExpectedFinancialRedressGBP=126.30 (-2.47)
HLD-000164,4,Progress,0.2926,0.0,0.0004,0.707,0.2925,0.0,0.0,ImpactRiskMean=60 (+2.26); AdditionalCostsGBP=33.98 (+1.38); VulnerabilityXImpact=9 (+0.97)
HLD-000165,5,Progress,1.0,0.0,0.0,0.0,0.0002,0.9998,0.0,ImpactRiskMean=80.50 (+9.12); EstimatedImpactScore=81 (+8.01); ExpectedFinancialRedressGBP=4765.05 (+3.51)
HLD-000166,6,Progress,1.0,0.0,0.0,0.0,0.0,0.0002,0.9998,EstimatedImpactScore=94 (+8.69); ImpactRiskMean=90 (+8.13); ExpectedFinancialRedressGBP=9818.17 (+4.43)
HLD-000167,3,Do not progress,0.0012,0.0001,0.2452,0.7535,0.0011,0.0001,0.0,EstimatedImpactScore=40 (-4.36); ImpactRiskMean=47 (-2.29); LostIncomeGBP=745.55 (+1.83)
HLD-000168,4,Progress,0.0982,0.0001,0.0034,0.8983,0.0979,0.0002,0.0001,EstimatedImpactScore=71 (+4.53); ExpectedFinancialRedressGBP=637.92 (-2.46); ImpactRiskMean=60.50 (+1.81)
HLD-000169,2,Do not progress,0.0001,0.1061,0.8934,0.0005,0.0,0.0001,0.0,ImpactRiskMean=38.50 (-4.30); ExpectedFinancialRedressGBP=86 (-2.98); EstimatedImpactScore=35 (-2.89)
HLD-000170,1,Do not progress,0.0008,0.9927,0.0064,0.0002,0.0007,0.0,0.0,ImpactRiskMean=23 (-4.89); EstimatedImpactScore=19 (-3.50); ExpectedFinancialRedressGBP=338.93 (-1.92)
HLD-000171,1,Do not progress,0.0003,0.954,0.0453,0.0005,0.0002,0.0,0.0,ImpactRiskMean=24 (-4.88); ExpectedFinancialRedressGBP=226.39 (-2.64); EstimatedImpactScore=35 (-2.41)
HLD-000172,3,Do not progress,0.0013,0.0,0.0077,0.991,0.0012,0.0001,0.0,ExpectedFinancialRedressGBP=2070.06 (+2.41); ImpactRiskMean=52 (-2.14); RecoveryTimeMonths=1 (-0.83)
HLD-000173,2,Do not progress,0.0,0.0002,0.9681,0.0317,0.0,0.0,0.0,EstimatedImpactScore=45 (-4.31); ExpectedFinancialRedressGBP=422.59 (-2.21); ImpactRiskMean=50 (-2.13)
HLD-000174,1,Do not progress,0.0,0.9997,0.0002,0.0,0.0,0.0,0.0,ImpactRiskMean=22.50 (-4.50); EstimatedImpactScore=14 (-2.66); ExpectedFinancialRedressGBP=133.49 (-2.28)
HLD-000175,6,Progress,0.9996,0.0,0.0001,0.0003,0.0002,0.0303,0.9692,EstimatedImpactScore=100 (+10.29); ImpactRiskMean=94.50 (+8.48); ExpectedFinancialRedressGBP=5836.58 (+3.81)
HLD-000176,3,Do not progress,0.0007,0.0,0.0058,0.9935,0.0007,0.0,0.0,ImpactRiskMean=47.50 (-2.20); EstimatedImpactScore=57 (-0.86); DurationAffectedDays=25 (-0.72)
HLD-000177,2,Do not progress,0.0007,0.0115,0.9374,0.0504,0.0005,0.0002,0.0001,ImpactRiskMean=33 (-4.66); EstimatedImpactScore=42 (-4.03); ExpectedFinancialRedressGBP=759.13 (-0.72)
HLD-000178,6,Progress,0.9999,0.0,0.0,0.0,0.0002,0.008,0.9918,EstimatedImpactScore=96 (+8.89); ImpactRiskMean=97.50 (+8.50); ExpectedFinancialRedressGBP=19867.49 (+5.00)
HLD-000179,1,Do not progress,0.0,0.9995,0.0005,0.0,0.0,0.0,0.0,ImpactRiskMean=23 (-4.76); EstimatedImpactScore=14 (-2.81); ExpectedFinancialRedressGBP=221.58 (-2.09)
HLD-000180,4,Progress,0.991,0.0002,0.0001,0.0087,0.9079,0.083,0.0001,ImpactRiskMean=74.50 (+8.55); EstimatedImpactScore=74 (+7.03); ExpectedFinancialRedressGBP=2877.70 (+3.56)
HLD-000181,5,Progress,0.9996,0.0001,0.0001,0.0002,0.0191,0.9796,0.0009,ImpactRiskMean=84 (+10.08); EstimatedImpactScore=86 (+8.42); DurationAffectedDays=170 (+1.14)
HLD-000182,1,Do not progress,0.0,0.9995,0.0005,0.0,0.0,0.0,0.0,ImpactRiskMean=22 (-4.95); EstimatedImpactScore=18 (-3.00); ExpectedFinancialRedressGBP=259.97 (-2.11)
HLD-000183,3,Do not progress,0.0044,0.0001,0.0091,0.9863,0.0042,0.0001,0.0001,ExpectedFinancialRedressGBP=654.04 (-2.26); EstimatedImpactScore=65 (+1.86); VulnerabilityXImpact=12 (+1.17)
HLD-000184,1,Do not progress,0.0,0.999,0.0009,0.0,0.0,0.0,0.0,ImpactRiskMean=15 (-4.68); EstimatedImpactScore=18 (-2.73); ExpectedFinancialRedressGBP=228.70 (-2.29)
HLD-000185,1,Do not progress,0.0,0.9999,0.0,0.0,0.0,0.0,0.0,ImpactRiskMean=21.50 (-4.67); EstimatedImpactScore=18 (-2.44); ExpectedFinancialRedressGBP=153.77 (-2.17)
HLD-000186,4,Progress,0.8973,0.0002,0.0005,0.102,0.8909,0.0063,0.0001,ImpactRiskMean=73 (+8.23); EstimatedImpactScore=63 (+2.26); ExpectedFinancialRedressGBP=1748.14 (+1.62)
HLD-000187,3,Do not progress,0.0235,0.0001,0.0018,0.9747,0.0208,0.0026,0.0001,ExpectedFinancialRedressGBP=5780 (+5.53); EstimatedImpactScore=49 (-3.46); ImpactRiskMean=60 (+2.28)
HLD-000188,1,Do not progress,0.0,0.9541,0.0459,0.0,0.0,0.0,0.0,ImpactRiskMean=25.50 (-5.57); EstimatedImpactScore=30 (-3.14); ExpectedFinancialRedressGBP=393.29 (-2.17)
HLD-000189,1,Do not progress,0.0,0.9965,0.0035,0.0,0.0,0.0,0.0,ImpactRiskMean=24.50 (-5.57); EstimatedImpactScore=13 (-3.31); ExpectedFinancialRedressGBP=500.04 (-1.41)
HLD-000190,2,Do not progress,0.0002,0.0023,0.9873,0.0102,0.0,0.0001,0.0,EstimatedImpactScore=31 (-3.05); ExpectedFinancialRedressGBP=401.26 (-2.32); ImpactRiskMean=47 (-2.05)
HLD-000191,6,Progress,1.0,0.0,0.0,0.0,0.0,0.002,0.998,EstimatedImpactScore=100 (+9.83); ImpactRiskMean=86.50 (+7.74); ExpectedFinancialRedressGBP=9734.95 (+4.54)
HLD-000192,3,Do not progress,0.0002,0.0001,0.1438,0.856,0.0001,0.0,0.0,EstimatedImpactScore=51 (-3.82); ImpactRiskMean=52.50 (-2.29); ExpectedFinancialRedressGBP=563.76 (-1.89)
HLD-000193,1,Do not progress,0.0,0.9034,0.0965,0.0,0.0,0.0,0.0,ImpactRiskMean=38 (-4.65); ExpectedFinancialRedressGBP=192.61 (-3.07); EstimatedImpactScore=32 (-2.92)
HLD-000194,3,Do not progress,0.0199,0.0,0.0068,0.9733,0.0197,0.0002,0.0,DurationAffectedDays=201 (+1.58); RecoveryTimeMonths=1 (-0.86); EstimatedImpactScore=58 (-0.51)
HLD-000195,2,Do not progress,0.0002,0.0005,0.8439,0.1554,0.0,0.0001,0.0,EstimatedImpactScore=39 (-3.65); ImpactRiskMean=46 (-2.24); ExpectedFinancialRedressGBP=673.47 (-1.57)
HLD-000196,2,Do not progress,0.0021,0.0018,0.8766,0.1196,0.0016,0.0004,0.0001,ImpactRiskMean=34.50 (-4.52); EstimatedImpactScore=42 (-4.05); ExpectedFinancialRedressGBP=642.11 (-1.39)
HLD-000197,3,Do not progress,0.0025,0.0007,0.27,0.7268,0.0017,0.0007,0.0002,EstimatedImpactScore=39 (-4.16); ImpactRiskMean=41 (-4.05); LostIncomeGBP=1461.28 (+2.18)
HLD-000198,1,Do not progress,0.0,0.9997,0.0002,0.0,0.0,0.0,0.0,ImpactRiskMean=10.50 (-4.83); EstimatedImpactScore=20 (-2.89); ExpectedFinancialRedressGBP=383.59 (-1.92)
HLD-000199,4,Progress,0.9979,0.0,0.0001,0.0019,0.9329,0.065,0.0,EstimatedImpactScore=77 (+8.31); ImpactRiskMean=70 (+7.30); ExpectedFinancialRedressGBP=2113.31 (+2.55)
HLD-000200,4,Progress,0.0736,0.0,0.002,0.9245,0.0735,0.0,0.0,EstimatedImpactScore=64 (+2.22); CaseComplexityScore=2 (+0.60); LostIncomeGBP=259.24 (-0.52)
HLD-000201,4,Progress,0.9911,0.0001,0.0006,0.0082,0.9807,0.0102,0.0003,EstimatedImpactScore=70 (+4.55); ExpectedFinancialRedressGBP=3674.77 (+4.54); ImpactRiskMean=59 (+1.75)
HLD-000202,4,Progress,0.9825,0.0,0.0001,0.0174,0.9797,0.0028,0.0,ImpactRiskMean=64 (+6.90); EstimatedImpactScore=63 (+2.55); ExpectedFinancialRedressGBP=1885.02 (+2.40)
HLD-000203,3,Do not progress,0.0006,0.0001,0.181,0.8183,0.0005,0.0001,0.0,EstimatedImpactScore=44 (-4.54); ImpactRiskMean=48.50 (-2.43); ExpectedFinancialRedressGBP=1841.14 (+1.91)
HLD-000204,3,Do not progress,0.0051,0.0,0.0678,0.9271,0.005,0.0001,0.0,ExpectedFinancialRedressGBP=665.30 (-1.89); AdditionalCostsGBP=34.44 (+1.74); ImpactRiskMean=53 (-1.45)
HLD-000205,4,Progress,0.9922,0.0,0.0001,0.0077,0.8768,0.1154,0.0,ImpactRiskMean=71 (+8.43); ExpectedFinancialRedressGBP=4200.79 (+4.82); EstimatedImpactScore=66 (+3.30)
HLD-000206,2,Do not progress,0.0,0.0065,0.9924,0.0011,0.0,0.0,0.0,ImpactRiskMean=37 (-4.16); EstimatedImpactScore=27 (-3.64); DurationAffectedDays=13 (-0.78)
HLD-000207,4,Progress,0.1187,0.0002,0.5673,0.3137,0.1182,0.0003,0.0002,EstimatedImpactScore=46 (-4.32); LostIncomeGBP=968.37 (+2.50); RecoveryTimeMonths=1 (-0.67)
HLD-000208,2,Do not progress,0.0003,0.0621,0.9295,0.0081,0.0001,0.0001,0.0001,ImpactRiskMean=34.50 (-5.12); EstimatedImpactScore=41 (-3.40); ExpectedFinancialRedressGBP=373.42 (-2.08)
HLD-000209,3,Do not progress,0.0006,0.0001,0.0375,0.9619,0.0005,0.0,0.0,ImpactRiskMean=45 (-2.90); EstimatedImpactScore=54 (-2.15); RecoveryTimeMonths=1 (-0.83)
HLD-000210,4,Progress,0.9994,0.0,0.0001,0.0004,0.9989,0.0005,0.0,EstimatedImpactScore=78 (+8.73); ImpactRiskMean=65.50 (+6.74); RecoveryTimeMonths=4 (+0.98)
HLD-000211,4,Progress,0.998,0.0,0.0,0.002,0.9975,0.0005,0.0,ImpactRiskMean=67.50 (+6.83); EstimatedImpactScore=73 (+6.37); RecoveryTimeMonths=6 (+0.94)
HLD-000212,6,Progress,0.9997,0.0,0.0,0.0003,0.0007,0.0213,0.9778,EstimatedImpactScore=100 (+9.86); ImpactRiskMean=85.50 (+8.21); ExpectedFinancialRedressGBP=7867.66 (+4.61)
HLD-000213,3,Do not progress,0.0036,0.0,0.026,0.9704,0.0035,0.0,0.0,EstimatedImpactScore=50 (-3.67); DurationAffectedDays=223 (+1.71); ImpactRiskMean=54 (-0.87)
HLD-000214,4,Progress,0.9981,0.0002,0.0003,0.0014,0.9669,0.0308,0.0005,ImpactRiskMean=75.50 (+8.95); EstimatedImpactScore=82 (+8.65); DurationAffectedDays=283 (+1.46)
HLD-000215,1,Do not progress,0.0,0.985,0.0149,0.0001,0.0,0.0,0.0,ImpactRiskMean=32 (-4.61); EstimatedImpactScore=27 (-2.83); ExpectedFinancialRedressGBP=182.30 (-2.50)
HLD-000216,3,Do not progress,0.011,0.0005,0.3786,0.6099,0.0063,0.0045,0.0002,EstimatedImpactScore=47 (-3.92); missingindicator_EstimatedImpactScore=1 (+1.24); ExpectedFinancialRedressGBP=890.92 (-0.90)
HLD-000217,3,Do not progress,0.0007,0.0,0.3548,0.6444,0.0005,0.0002,0.0,EstimatedImpactScore=46 (-4.48); ImpactRiskMean=47 (-2.77); ExpectedFinancialRedressGBP=542.20 (-1.87)
HLD-000218,3,Do not progress,0.0056,0.0,0.005,0.9894,0.0056,0.0,0.0,DurationAffectedDays=141 (+1.14); EstimatedImpactScore=56 (-1.08); ImpactRiskMean=54.50 (-1.02)
HLD-000219,4,Progress,0.2924,0.0002,0.0083,0.6992,0.292,0.0002,0.0001,ImpactRiskMean=60 (+2.80); EstimatedImpactScore=52 (-2.41); PriorComplaintsRaised=3 (+1.12)
HLD-000220,5,Progress,0.9997,0.0,0.0001,0.0002,0.0026,0.9196,0.0775,EstimatedImpactScore=99 (+10.05); ImpactRiskMean=84 (+8.14); ExpectedFinancialRedressGBP=4991.07 (+3.75)
HLD-000221,5,Progress,0.9996,0.0001,0.0001,0.0002,0.0008,0.995,0.0039,EstimatedImpactScore=95 (+9.38); ImpactRiskMean=90 (+9.07); ExpectedFinancialRedressGBP=2975.63 (+2.95)
HLD-000222,1,Do not progress,0.0,0.9986,0.0013,0.0,0.0,0.0,0.0,ImpactRiskMean=27.50 (-5.05); EstimatedImpactScore=22 (-2.88); ExpectedFinancialRedressGBP=127.53 (-2.43)
HLD-000223,4,Progress,0.9592,0.0,0.0003,0.0405,0.9547,0.0044,0.0001,ExpectedFinancialRedressGBP=4714.98 (+5.34); ImpactRiskMean=60 (+2.44); EstimatedImpactScore=62 (+2.36)
HLD-000224,2,Do not progress,0.0015,0.0004,0.9495,0.0487,0.0011,0.0003,0.0001,EstimatedImpactScore=31 (-3.23); ImpactRiskMean=48.50 (-2.31); ExpectedFinancialRedressGBP=586 (-1.77)
HLD-000225,2,Do not progress,0.0001,0.0854,0.9142,0.0003,0.0001,0.0001,0.0,ImpactRiskMean=37.50 (-4.18); EstimatedImpactScore=35 (-2.57); ExpectedFinancialRedressGBP=437.05 (-1.73)
HLD-000226,3,Do not progress,0.027,0.0,0.0001,0.9729,0.0269,0.0001,0.0,EstimatedImpactScore=65 (+1.80); ImpactRiskMean=60 (+1.70); DurationAffectedDays=221 (+1.44)
HLD-000227,2,Do not progress,0.0001,0.0001,0.6785,0.3213,0.0001,0.0,0.0,EstimatedImpactScore=45 (-4.37); ImpactRiskMean=51 (-2.28); ExpectedFinancialRedressGBP=469.91 (-1.81)
HLD-000228,1,Do not progress,0.0,0.9998,0.0002,0.0,0.0,0.0,0.0,ImpactRiskMean=18 (-4.50); EstimatedImpactScore=11 (-2.48); ExpectedFinancialRedressGBP=247.86 (-1.91)
HLD-000229,4,Progress,0.9536,0.0,0.0001,0.0463,0.9534,0.0002,0.0,ImpactRiskMean=63.50 (+6.10); ExpectedFinancialRedressGBP=1936.83 (+2.54); EstimatedImpactScore=64 (+2.33)
HLD-000230,1,Do not progress,0.0,0.9261,0.0738,0.0001,0.0,0.0,0.0,ImpactRiskMean=28 (-5.64); EstimatedImpactScore=33 (-2.65); ExpectedFinancialRedressGBP=364.12 (-2.03)
HLD-000231,3,Do not progress,0.0025,0.0004,0.3363,0.6608,0.0018,0.0006,0.0001,EstimatedImpactScore=34 (-3.86); ExpectedFinancialRedressGBP=2380.64 (+2.57); ImpactRiskMean=46 (-2.30)
HLD-000232,1,Do not progress,0.0,0.9995,0.0005,0.0,0.0,0.0,0.0,ImpactRiskMean=21 (-5.06); EstimatedImpactScore=20 (-3.11); ExpectedFinancialRedressGBP=412.26 (-1.79)
HLD-000233,1,Do not progress,0.0,0.9992,0.0007,0.0,0.0,0.0,0.0,ImpactRiskMean=18 (-4.86); EstimatedImpactScore=20 (-3.03); ExpectedFinancialRedressGBP=314.81 (-2.08)
HLD-000234,1,Do not progress,0.0,0.9998,0.0002,0.0,0.0,0.0,0.0,ImpactRiskMean=14.50 (-4.86); EstimatedImpactScore=8 (-2.88); ExpectedFinancialRedressGBP=332.01 (-1.95)
HLD-000235,2,Do not progress,0.0,0.0,0.9972,0.0028,0.0,0.0,0.0,EstimatedImpactScore=44 (-3.75); ExpectedFinancialRedressGBP=300.57 (-2.20); ImpactRiskMean=52.50 (-1.97)
HLD-000236,4,Progress,0.3642,0.0001,0.0034,0.6323,0.364,0.0001,0.0,EstimatedImpactScore=55 (-1.33); PriorComplaintsRaised=6 (+1.32); ImpactRiskMean=57 (+1.11)
HLD-000237,1,Do not progress,0.0,1.0,0.0,0.0,0.0,0.0,0.0,ImpactRiskMean=22.50 (-4.82); EstimatedImpactScore=18 (-2.64); ExpectedFinancialRedressGBP=200.07 (-2.07)
HLD-000238,4,Progress,0.9971,0.0001,0.0003,0.0025,0.9758,0.021,0.0004,ImpactRiskMean=75 (+9.27); EstimatedImpactScore=77 (+9.00); VulnerabilityXImpact=9 (+1.24)
HLD-000239,5,Progress,0.9976,0.0001,0.0007,0.0016,0.0093,0.9625,0.0258,ImpactRiskMean=87 (+9.78); ExpectedFinancialRedressGBP=7991.65 (+5.37); EstimatedImpactScore=47 (-2.32)
HLD-000240,1,Do not progress,0.0001,0.8993,0.1003,0.0003,0.0,0.0,0.0,ImpactRiskMean=29.50 (-5.51); EstimatedImpactScore=23 (-3.22); ExpectedFinancialRedressGBP=424.09 (-1.82)
HLD-000241,6,Progress,1.0,0.0,0.0,0.0,0.0,0.0009,0.9991,EstimatedImpactScore=100 (+9.65); ImpactRiskMean=92 (+8.23); ExpectedFinancialRedressGBP=7161.29 (+3.70)
HLD-000242,3,Do not progress,0.0001,0.0,0.015,0.9849,0.0,0.0,0.0,EstimatedImpactScore=50 (-3.87); ImpactRiskMean=48.50 (-2.10); ExpectedFinancialRedressGBP=839.72 (-0.81)
HLD-000243,3,Do not progress,0.0025,0.0002,0.3963,0.601,0.0022,0.0002,0.0001,EstimatedImpactScore=48 (-4.15); ImpactRiskMean=43.50 (-3.74); LostIncomeGBP=817.59 (+2.26)
HLD-000244,2,Do not progress,0.0001,0.0,0.9834,0.0166,0.0,0.0,0.0,EstimatedImpactScore=48 (-3.89); ImpactRiskMean=43.50 (-3.47); ExpectedFinancialRedressGBP=514.33 (-1.46)
HLD-000245,1,Do not progress,0.0,1.0,0.0,0.0,0.0,0.0,0.0,ImpactRiskMean=18.50 (-4.70); EstimatedImpactScore=15 (-2.58); ExpectedFinancialRedressGBP=174.52 (-2.05)
HLD-000246,6,Progress,0.9988,0.0002,0.0002,0.0007,0.0059,0.2992,0.6938,ImpactRiskMean=88.50 (+8.26); EstimatedImpactScore=87 (+7.90); ExpectedFinancialRedressGBP=7732.31 (+4.20)
HLD-000247,6,Progress,0.9997,0.0,0.0,0.0002,0.0006,0.2409,0.7582,EstimatedImpactScore=100 (+10.55); ImpactRiskMean=92 (+8.86); ExpectedFinancialRedressGBP=4387.08 (+3.37)
HLD-000248,6,Progress,0.9999,0.0,0.0,0.0001,0.0001,0.016,0.9838,EstimatedImpactScore=100 (+10.30); ImpactRiskMean=87 (+7.80); ExpectedFinancialRedressGBP=4622.80 (+3.26)
HLD-000249,2,Do not progress,0.0003,0.0438,0.9244,0.0314,0.0002,0.0001,0.0001,ExpectedFinancialRedressGBP=74.30 (-3.50); ImpactRiskMean=43 (-3.20); EstimatedImpactScore=52 (-2.57)
HLD-000250,4,Progress,0.5709,0.0,0.001,0.4281,0.5707,0.0002,0.0001,ImpactRiskMean=67.50 (+6.77); EstimatedImpactScore=66 (+2.62); DirectFinancialLossGBP=991.21 (-0.50)
HLD-000251,1,Do not progress,0.0,0.9999,0.0001,0.0,0.0,0.0,0.0,ImpactRiskMean=22.50 (-4.89); EstimatedImpactScore=21 (-2.97); ExpectedFinancialRedressGBP=300.70 (-1.96)
HLD-000252,5,Progress,0.9998,0.0,0.0,0.0001,0.0062,0.9934,0.0002,ImpactRiskMean=88 (+9.05); EstimatedImpactScore=81 (+8.12); ExpectedFinancialRedressGBP=3556.44 (+3.35)
HLD-000253,1,Do not progress,0.0,0.9994,0.0006,0.0,0.0,0.0,0.0,ImpactRiskMean=22 (-4.64); EstimatedImpactScore=21 (-3.03); ExpectedFinancialRedressGBP=216.08 (-2.30)
HLD-000254,2,Do not progress,0.0001,0.0773,0.9211,0.0015,0.0,0.0001,0.0,ImpactRiskMean=34.50 (-5.20); EstimatedImpactScore=34 (-2.35); ExpectedFinancialRedressGBP=458.20 (-1.73)
HLD-000255,3,Do not progress,0.0008,0.0002,0.2198,0.7792,0.0005,0.0002,0.0001,EstimatedImpactScore=47 (-4.25); ImpactRiskMean=42.50 (-3.69); RecoveryTimeMonths=17 (+2.04)
HLD-000256,5,Progress,0.9995,0.0001,0.0002,0.0003,0.1838,0.8146,0.001,ImpactRiskMean=81 (+8.68); EstimatedImpactScore=82 (+8.29); ExpectedFinancialRedressGBP=3409.09 (+3.45)
HLD-000257,1,Do not progress,0.0001,0.8891,0.1105,0.0004,0.0,0.0,0.0,ImpactRiskMean=27.50 (-5.31); EstimatedImpactScore=37 (-3.54); ExpectedFinancialRedressGBP=207.67 (-2.87)
HLD-000258,4,Progress,0.1287,0.0,0.0046,0.8666,0.1286,0.0001,0.0001,EstimatedImpactScore=64 (+2.31); EmotionalImpactLevel=4 (+0.45); ServiceArea_Primary Care=1 (+0.43)
HLD-000259,2,Do not progress,0.011,0.0023,0.6288,0.3579,0.0104,0.0005,0.0002,ImpactRiskMean=43.50 (-3.28); ExpectedFinancialRedressGBP=428.53 (-2.66); LostIncomeGBP=881.01 (+1.65)
HLD-000260,4,Progress,0.9741,0.0001,0.0003,0.0255,0.9602,0.0137,0.0002,ImpactRiskMean=75.50 (+8.67); EstimatedImpactScore=73 (+6.00); DurationAffectedDays=1103 (+1.46)
HLD-000261,1,Do not progress,0.0,0.9961,0.0038,0.0,0.0,0.0,0.0,ImpactRiskMean=31.50 (-4.83); EstimatedImpactScore=16 (-2.77); ExpectedFinancialRedressGBP=318.43 (-1.63)
HLD-000262,2,Do not progress,0.0002,0.0033,0.9949,0.0016,0.0001,0.0,0.0,ImpactRiskMean=39.50 (-4.27); EstimatedImpactScore=36 (-3.69); ExpectedFinancialRedressGBP=286.79 (-2.69)
HLD-000263,2,Do not progress,0.0002,0.002,0.9873,0.0105,0.0002,0.0,0.0,EstimatedImpactScore=42 (-3.89); ExpectedFinancialRedressGBP=162.83 (-2.71); ImpactRiskMean=46 (-2.21)
HLD-000264,4,Progress,0.4366,0.0,0.0006,0.5627,0.4365,0.0001,0.0001,DurationAffectedDays=240 (+1.91); VulnerabilityXImpact=9 (+1.26); RecoveryTimeMonths=4 (+1.01)
HLD-000265,3,Do not progress,0.0001,0.0,0.0028,0.9971,0.0001,0.0,0.0,EstimatedImpactScore=50 (-4.15); ImpactRiskMean=50.50 (-2.21); ExpectedFinancialRedressGBP=915.36 (-0.90)
HLD-000266,1,Do not progress,0.0,0.9993,0.0007,0.0,0.0,0.0,0.0,ImpactRiskMean=26 (-5.40); EstimatedImpactScore=19 (-2.90); ExpectedFinancialRedressGBP=166.29 (-2.29)
HLD-000267,5,Progress,0.9995,0.0001,0.0,0.0004,0.0121,0.9869,0.0005,ImpactRiskMean=76 (+8.08); EstimatedImpactScore=76 (+6.70); ExpectedFinancialRedressGBP=7161.68 (+4.84)
HLD-000268,1,Do not progress,0.0,0.9985,0.0014,0.0001,0.0,0.0,0.0,ImpactRiskMean=21.50 (-4.67); EstimatedImpactScore=9 (-2.78); ExpectedFinancialRedressGBP=422.47 (-1.78)
HLD-000269,2,Do not progress,0.0012,0.0001,0.9103,0.0885,0.0011,0.0001,0.0,ImpactRiskMean=35.50 (-4.33); EstimatedImpactScore=39 (-4.16); DurationAffectedDays=242 (+1.83)
HLD-000270,3,Do not progress,0.0018,0.0,0.0008,0.9973,0.0018,0.0,0.0,ExpectedFinancialRedressGBP=647.33 (-2.20); EstimatedImpactScore=63 (+1.13); AggravatingFactorCount=4 (+0.64)
HLD-000271,3,Do not progress,0.0074,0.0002,0.2052,0.7872,0.0069,0.0003,0.0002,EstimatedImpactScore=49 (-3.70); ExpectedFinancialRedressGBP=690.05 (-1.68); VulnerabilityXImpact=9 (+0.95)
HLD-000272,4,Progress,0.8365,0.0002,0.0014,0.1619,0.8331,0.0033,0.0002,ExpectedFinancialRedressGBP=2245.39 (+3.99); ImpactRiskMean=43 (-3.29); EstimatedImpactScore=63 (+2.73)
HLD-000273,1,Do not progress,0.0,0.9997,0.0003,0.0,0.0,0.0,0.0,ImpactRiskMean=32.50 (-4.64); EstimatedImpactScore=15 (-2.48); ExpectedFinancialRedressGBP=158.21 (-2.27)
HLD-000274,2,Do not progress,0.0006,0.0036,0.9889,0.007,0.0004,0.0001,0.0001,ImpactRiskMean=32.50 (-4.90); EstimatedImpactScore=39 (-3.59); DurationAffectedDays=178 (+1.51)
HLD-000275,5,Progress,0.9997,0.0,0.0,0.0002,0.0021,0.9686,0.029,EstimatedImpactScore=95 (+9.71); ImpactRiskMean=81.50 (+8.92); ExpectedFinancialRedressGBP=3222.87 (+3.22)
HLD-000276,6,Progress,0.9978,0.0002,0.0008,0.0012,0.0047,0.2265,0.7666,EstimatedImpactScore=100 (+10.51); ImpactRiskMean=82.50 (+8.87); RecoveryTimeMonths=10 (+1.16)
HLD-000277,2,Do not progress,0.0003,0.0002,0.8941,0.1054,0.0001,0.0001,0.0001,EstimatedImpactScore=38 (-3.63); ImpactRiskMean=45.50 (-2.38); ExpectedFinancialRedressGBP=619.11 (-1.65)
HLD-000278,1,Do not progress,0.0,0.9976,0.0023,0.0,0.0,0.0,0.0,ImpactRiskMean=25 (-5.66); EstimatedImpactScore=18 (-3.18); ExpectedFinancialRedressGBP=567.74 (-1.27)
HLD-000279,3,Do not progress,0.0278,0.0002,0.0426,0.9293,0.0267,0.0009,0.0002,EstimatedImpactScore=43 (-4.29); LostIncomeGBP=1490.68 (+2.50); ImpactRiskMean=58 (+1.62)
HLD-000280,4,Progress,0.7427,0.0001,0.0014,0.2558,0.7411,0.0016,0.0001,ExpectedFinancialRedressGBP=2384.77 (+3.75); RecoveryTimeMonths=4 (+1.15); VulnerabilityXImpact=9 (+1.12)
HLD-000281,1,Do not progress,0.0,0.9999,0.0001,0.0,0.0,0.0,0.0,ImpactRiskMean=20.50 (-4.65); EstimatedImpactScore=26 (-2.66); ExpectedFinancialRedressGBP=158.30 (-2.34)
HLD-000282,3,Do not progress,0.001,0.0001,0.0511,0.9479,0.0009,0.0,0.0,ImpactRiskMean=49 (-2.33); ExpectedFinancialRedressGBP=503.59 (-2.27); EstimatedImpactScore=54 (-1.92)
HLD-000283,2,Do not progress,0.0001,0.0254,0.9704,0.0041,0.0,0.0001,0.0,ImpactRiskMean=38.50 (-3.94); EstimatedImpactScore=29 (-3.25); ExpectedFinancialRedressGBP=445.95 (-1.64)
HLD-000284,1,Do not progress,0.0011,0.8895,0.097,0.0124,0.0008,0.0002,0.0001,ImpactRiskMean=24 (-5.50); EstimatedImpactScore=30 (-3.09); TotalFinancialLossGBP=3438.98 (+0.58)
HLD-000285,2,Do not progress,0.0,0.0001,0.9742,0.0256,0.0,0.0,0.0,EstimatedImpactScore=42 (-4.20); ImpactRiskMean=38 (-3.90); ExpectedFinancialRedressGBP=821.10 (-1.09)
HLD-000286,3,Do not progress,0.0001,0.0,0.0045,0.9954,0.0001,0.0,0.0,ImpactRiskMean=49.50 (-2.38); EstimatedImpactScore=55 (-1.56); ExpectedFinancialRedressGBP=829.72 (-1.04)
HLD-000287,4,Progress,0.8782,0.0,0.0001,0.1217,0.8781,0.0001,0.0,EstimatedImpactScore=66 (+3.10); ExpectedFinancialRedressGBP=1905.08 (+2.80); ImpactRiskMean=60 (+2.27)
HLD-000288,4,Progress,0.1729,0.0004,0.0041,0.8226,0.1691,0.0036,0.0002,ImpactRiskMean=74 (+8.44); ExpectedFinancialRedressGBP=444.19 (-3.22); EstimatedImpactScore=67 (+2.44)
HLD-000289,1,Do not progress,0.0003,0.9853,0.0142,0.0002,0.0002,0.0,0.0,ImpactRiskMean=20 (-4.62); EstimatedImpactScore=24 (-2.75); ExpectedFinancialRedressGBP=292.56 (-1.94)
HLD-000290,4,Progress,0.0732,0.0011,0.0362,0.8895,0.0729,0.0002,0.0001,EstimatedImpactScore=52 (-2.43); ImpactRiskMean=57.50 (+2.11); ExpectedFinancialRedressGBP=716.90 (-1.26)
HLD-000291,4,Progress,0.9033,0.0,0.0003,0.0963,0.9032,0.0001,0.0,ImpactRiskMean=65 (+6.15); EstimatedImpactScore=71 (+5.30); RecoveryTimeMonths=1 (-0.71)
HLD-000292,4,Progress,0.976,0.0004,0.0008,0.0229,0.7708,0.1997,0.0055,ImpactRiskMean=83 (+9.50); EstimatedImpactScore=69 (+3.99); ExpectedFinancialRedressGBP=2998.27 (+3.61)
HLD-000293,3,Do not progress,0.0065,0.0002,0.0026,0.9907,0.0059,0.0005,0.0001,ImpactRiskMean=67.50 (+6.97); EstimatedImpactScore=51 (-3.73); RecoveryTimeMonths=36 (+2.07)
HLD-000294,1,Do not progress,0.0,0.9907,0.0092,0.0001,0.0,0.0,0.0,ImpactRiskMean=29.50 (-5.21); EstimatedImpactScore=20 (-3.38); ExpectedFinancialRedressGBP=565.26 (-1.19)
HLD-000295,4,Progress,0.9647,0.0,0.0001,0.0352,0.9642,0.0005,0.0,ExpectedFinancialRedressGBP=2596.91 (+4.52); EstimatedImpactScore=64 (+2.80); ImpactRiskMean=58.50 (+1.69)
HLD-000296,1,Do not progress,0.0,0.9932,0.0067,0.0001,0.0,0.0,0.0,ImpactRiskMean=30 (-4.81); EstimatedImpactScore=24 (-2.96); ExpectedFinancialRedressGBP=53.54 (-2.51)
HLD-000297,1,Do not progress,0.0006,0.5945,0.3772,0.0278,0.0002,0.0002,0.0001,ImpactRiskMean=29 (-5.07); EstimatedImpactScore=43 (-3.30); ExpectedFinancialRedressGBP=567.22 (-1.04)
HLD-000298,2,Do not progress,0.0004,0.2295,0.7639,0.0062,0.0002,0.0001,0.0001,ImpactRiskMean=41.50 (-3.91); EstimatedImpactScore=39 (-3.40); ExpectedFinancialRedressGBP=143.02 (-2.89)
HLD-000299,5,Progress,0.9994,0.0,0.0001,0.0004,0.0181,0.974,0.0074,ImpactRiskMean=75.50 (+7.90); EstimatedImpactScore=79 (+7.70); ExpectedFinancialRedressGBP=9694.70 (+5.14)
HLD-000300,4,Progress,0.9975,0.0001,0.0001,0.0023,0.7291,0.2682,0.0002,ImpactRiskMean=77 (+8.85); EstimatedImpactScore=76 (+7.17); ExpectedFinancialRedressGBP=2025.55 (+2.53)
HLD-000301,6,Progress,0.9989,0.0001,0.0002,0.0009,0.001,0.4227,0.5751,EstimatedImpactScore=94 (+9.38); ImpactRiskMean=91.50 (+8.67); ExpectedFinancialRedressGBP=5303.21 (+3.74)
HLD-000302,4,Progress,0.9913,0.0001,0.0,0.0086,0.9902,0.001,0.0,ImpactRiskMean=67 (+6.62); EstimatedImpactScore=71 (+4.80); DurationAffectedDays=272 (+1.74)
HLD-000303,2,Do not progress,0.0002,0.031,0.9682,0.0007,0.0001,0.0001,0.0,ImpactRiskMean=40.50 (-3.79); EstimatedImpactScore=41 (-3.28); ExpectedFinancialRedressGBP=355.87 (-1.98)
HLD-000304,4,Progress,0.3239,0.0001,0.0039,0.6721,0.3219,0.0019,0.0001,ImpactRiskMean=65.50 (+6.79); VulnerabilityXImpact=12 (+1.43); ExpectedFinancialRedressGBP=764.92 (-1.19)
HLD-000305,2,Do not progress,0.0001,0.0003,0.7038,0.2958,0.0001,0.0,0.0,EstimatedImpactScore=41 (-4.19); ImpactRiskMean=43.50 (-3.50); ExpectedFinancialRedressGBP=720.96 (-1.07)
HLD-000306,3,Do not progress,0.0133,0.0002,0.0029,0.9836,0.0107,0.0025,0.0002,ExpectedFinancialRedressGBP=3104.27 (+4.22); EstimatedImpactScore=51 (-3.37); ImpactRiskMean=50 (-1.90)
HLD-000307,1,Do not progress,0.0,0.9998,0.0002,0.0,0.0,0.0,0.0,ImpactRiskMean=19 (-4.76); EstimatedImpactScore=22 (-2.64); ExpectedFinancialRedressGBP=279.25 (-1.84)
HLD-000308,1,Do not progress,0.0,0.9977,0.0023,0.0,0.0,0.0,0.0,ImpactRiskMean=25.50 (-5.33); ExpectedFinancialRedressGBP=180.96 (-2.53); EstimatedImpactScore=34 (-2.44)
HLD-000309,5,Progress,0.9997,0.0,0.0,0.0003,0.0031,0.9963,0.0002,ImpactRiskMean=76 (+8.63); EstimatedImpactScore=73 (+6.08); ExpectedFinancialRedressGBP=4810 (+4.10)
HLD-000310,2,Do not progress,0.0002,0.0893,0.9097,0.0009,0.0001,0.0001,0.0,ImpactRiskMean=41 (-3.98); ExpectedFinancialRedressGBP=170.96 (-2.94); EstimatedImpactScore=35 (-2.91)
HLD-000311,5,Progress,0.9992,0.0001,0.0002,0.0005,0.0209,0.9746,0.0037,EstimatedImpactScore=93 (+8.48); ImpactRiskMean=71.50 (+7.20); ExpectedFinancialRedressGBP=4287.09 (+3.86)
HLD-000312,1,Do not progress,0.0,0.9998,0.0002,0.0,0.0,0.0,0.0,ImpactRiskMean=24.50 (-5.71); EstimatedImpactScore=16 (-3.23); ExpectedFinancialRedressGBP=618.90 (-1.62)
HLD-000313,5,Progress,0.9999,0.0,0.0,0.0,0.0012,0.9988,0.0,ImpactRiskMean=75.50 (+9.09); EstimatedImpactScore=91 (+8.09); ExpectedFinancialRedressGBP=3386.93 (+3.66)
HLD-000314,2,Do not progress,0.0004,0.0055,0.9795,0.0146,0.0002,0.0001,0.0001,ImpactRiskMean=34 (-4.98); EstimatedImpactScore=37 (-3.42); ExpectedFinancialRedressGBP=843.91 (-0.50)
HLD-000315,3,Do not progress,0.0003,0.0,0.0014,0.9983,0.0003,0.0,0.0,ExpectedFinancialRedressGBP=2087.91 (+2.69); ImpactRiskMean=48 (-2.41); EstimatedImpactScore=53 (-2.15)
HLD-000316,4,Progress,0.9938,0.0,0.0001,0.0061,0.8135,0.1802,0.0,ImpactRiskMean=71 (+7.98); EstimatedImpactScore=72 (+6.48); ExpectedFinancialRedressGBP=3351.72 (+4.33)
HLD-000317,1,Do not progress,0.0,0.9991,0.0009,0.0,0.0,0.0,0.0,ImpactRiskMean=25 (-5.16); EstimatedImpactScore=13 (-2.81); ExpectedFinancialRedressGBP=138.59 (-2.07)
HLD-000318,5,Progress,0.9998,0.0,0.0,0.0001,0.241,0.7587,0.0,ImpactRiskMean=77.50 (+9.45); EstimatedImpactScore=86 (+8.78); ExpectedFinancialRedressGBP=2725.71 (+3.41)
HLD-000319,2,Do not progress,0.0003,0.0013,0.9913,0.0071,0.0002,0.0001,0.0001,EstimatedImpactScore=43 (-3.71); ExpectedFinancialRedressGBP=224.33 (-2.39); ImpactRiskMean=44.50 (-2.33)
HLD-000320,2,Do not progress,0.0001,0.0006,0.9877,0.0117,0.0,0.0,0.0,EstimatedImpactScore=42 (-3.88); ImpactRiskMean=42 (-3.46); ExpectedFinancialRedressGBP=531.51 (-1.23)
HLD-000321,3,Do not progress,0.0281,0.0003,0.0154,0.9561,0.0242,0.0037,0.0002,ImpactRiskMean=61 (+3.25); ExpectedFinancialRedressGBP=365.87 (-3.11); DurationAffectedDays=538 (+1.79)
HLD-000322,1,Do not progress,0.0,0.989,0.011,0.0,0.0,0.0,0.0,ImpactRiskMean=28.50 (-5.83); EstimatedImpactScore=21 (-3.68); ExpectedFinancialRedressGBP=720.96 (-1.16)
HLD-000323,2,Do not progress,0.0001,0.0021,0.9916,0.0061,0.0001,0.0,0.0,ImpactRiskMean=37.50 (-4.02); EstimatedImpactScore=40 (-3.30); ExpectedFinancialRedressGBP=377.88 (-2.12)
HLD-000324,1,Do not progress,0.0,0.9928,0.0072,0.0,0.0,0.0,0.0,ImpactRiskMean=25 (-5.70); EstimatedImpactScore=12 (-3.18); ExpectedFinancialRedressGBP=473.53 (-1.50)
HLD-000325,6,Progress,0.9998,0.0,0.0,0.0002,0.0007,0.0411,0.958,EstimatedImpactScore=99 (+9.67); ImpactRiskMean=90.50 (+8.45); ExpectedFinancialRedressGBP=4435.78 (+3.17)
HLD-000326,1,Do not progress,0.0,0.9999,0.0001,0.0,0.0,0.0,0.0,ImpactRiskMean=16 (-5.12); EstimatedImpactScore=14 (-2.99); ExpectedFinancialRedressGBP=629.96 (-1.51)
HLD-000327,2,Do not progress,0.0001,0.0255,0.9742,0.0002,0.0,0.0,0.0,ImpactRiskMean=32 (-5.40); EstimatedImpactScore=32 (-2.82); ExpectedFinancialRedressGBP=600.78 (-1.32)
HLD-000328,1,Do not progress,0.0005,0.6483,0.3492,0.0021,0.0003,0.0001,0.0001,ImpactRiskMean=30.50 (-5.14); EstimatedImpactScore=19 (-3.82); ExpectedFinancialRedressGBP=551.14 (-1.38)
HLD-000329,1,Do not progress,0.0,0.9998,0.0002,0.0,0.0,0.0,0.0,ImpactRiskMean=25.50 (-5.46); EstimatedImpactScore=21 (-2.89); ExpectedFinancialRedressGBP=219.16 (-2.44)
HLD-000330,2,Do not progress,0.0005,0.0009,0.6391,0.3595,0.0003,0.0001,0.0,EstimatedImpactScore=44 (-3.79); ExpectedFinancialRedressGBP=457.99 (-1.78); ImpactRiskMean=49.50 (-1.62)
HLD-000331,2,Do not progress,0.0027,0.0224,0.9298,0.0451,0.0019,0.0007,0.0001,ImpactRiskMean=33 (-5.03); EstimatedImpactScore=47 (-3.31); missingindicator_EstimatedImpactScore=1 (+1.17)
HLD-000332,1,Do not progress,0.0,0.998,0.002,0.0,0.0,0.0,0.0,ImpactRiskMean=30 (-5.29); EstimatedImpactScore=26 (-3.00); ExpectedFinancialRedressGBP=228.53 (-2.45)
HLD-000333,3,Do not progress,0.0052,0.0001,0.0186,0.9762,0.005,0.0001,0.0001,EstimatedImpactScore=46 (-4.39); ImpactRiskMean=46.50 (-2.52); PriorComplaintsRaised=4 (+1.01)
HLD-000334,2,Do not progress,0.0004,0.0553,0.9433,0.001,0.0003,0.0001,0.0,ImpactRiskMean=30.50 (-5.35); EstimatedImpactScore=29 (-3.26); RecoveryTimeMonths=9 (+1.44)
HLD-000335,4,Progress,0.6594,0.0002,0.1671,0.1732,0.6584,0.0008,0.0002,EstimatedImpactScore=74 (+6.58); ImpactRiskGap=41 (+1.27); ImpactRiskMean=53.50 (-1.27)
HLD-000336,1,Do not progress,0.0,0.9077,0.0922,0.0,0.0,0.0,0.0,ImpactRiskMean=37.50 (-4.33); ExpectedFinancialRedressGBP=108.55 (-2.74); EstimatedImpactScore=31 (-2.63)
HLD-000337,1,Do not progress,0.0003,0.7908,0.2082,0.0008,0.0001,0.0001,0.0001,ImpactRiskMean=27.50 (-5.35); EstimatedImpactScore=24 (-3.01); RecoveryTimeMonths=1 (-0.66)
HLD-000338,3,Do not progress,0.0047,0.0,0.0061,0.9891,0.0047,0.0,0.0,EstimatedImpactScore=53 (-2.08); RecoveryTimeMonths=4 (+1.01); DurationAffectedDays=57 (-0.70)
HLD-000339,3,Do not progress,0.0341,0.0001,0.0037,0.962,0.0331,0.0009,0.0001,ImpactRiskMean=62 (+5.05); ExpectedFinancialRedressGBP=1755.87 (+1.57); RecoveryTimeMonths=1 (-0.91)
HLD-000340,3,Do not progress,0.0021,0.0001,0.0208,0.9771,0.002,0.0001,0.0,ExpectedFinancialRedressGBP=2451.06 (+3.80); EstimatedImpactScore=51 (-3.60); ImpactRiskMean=45.50 (-2.37)
HLD-000341,2,Do not progress,0.0005,0.0011,0.6515,0.347,0.0003,0.0001,0.0001,EstimatedImpactScore=42 (-4.14); ExpectedFinancialRedressGBP=452.74 (-2.01); ImpactRiskMean=48 (-1.97)
HLD-000342,1,Do not progress,0.0002,0.5222,0.4771,0.0005,0.0001,0.0001,0.0,ImpactRiskMean=30.50 (-5.41); EstimatedImpactScore=30 (-3.23); ExpectedFinancialRedressGBP=480.06 (-1.32)
HLD-000343,1,Do not progress,0.0,0.9999,0.0001,0.0,0.0,0.0,0.0,ImpactRiskMean=19 (-4.75); EstimatedImpactScore=25 (-2.62); ExpectedFinancialRedressGBP=195.67 (-2.31)
HLD-000344,3,Do not progress,0.0002,0.0,0.2239,0.7759,0.0001,0.0,0.0,EstimatedImpactScore=50 (-4.37); ImpactRiskMean=46 (-2.70); ExpectedFinancialRedressGBP=940.80 (-0.62)
HLD-000345,5,Progress,0.9988,0.0,0.0002,0.0009,0.0407,0.958,0.0001,ImpactRiskMean=82 (+9.84); EstimatedImpactScore=84 (+8.97); ExpectedFinancialRedressGBP=2200.28 (+2.38)
HLD-000346,2,Do not progress,0.0012,0.0839,0.8805,0.0344,0.0007,0.0004,0.0002,EstimatedImpactScore=29 (-3.62); ImpactRiskMean=43.50 (-3.25); ImpactRiskGap=-29 (-0.61)
HLD-000347,3,Do not progress,0.0002,0.0001,0.0181,0.9816,0.0001,0.0001,0.0,EstimatedImpactScore=47 (-3.90); ImpactRiskMean=48 (-2.14); ExpectedFinancialRedressGBP=682.45 (-1.74)
HLD-000348,1,Do not progress,0.0,0.9817,0.0182,0.0001,0.0,0.0,0.0,ImpactRiskMean=25.50 (-5.33); EstimatedImpactScore=37 (-3.25); ExpectedFinancialRedressGBP=237.84 (-2.56)
HLD-000349,2,Do not progress,0.0004,0.4307,0.5657,0.0032,0.0002,0.0001,0.0001,ImpactRiskMean=31.50 (-5.20); EstimatedImpactScore=29 (-2.94); DurationAffectedDays=18 (-0.66)
HLD-000350,3,Do not progress,0.001,0.0039,0.4715,0.5236,0.0007,0.0002,0.0001,ImpactRiskMean=38.50 (-4.38); EstimatedImpactScore=43 (-4.32); ExpectedFinancialRedressGBP=1516.56 (+0.68)
HLD-000351,1,Do not progress,0.0,0.9974,0.0026,0.0,0.0,0.0,0.0,ImpactRiskMean=25 (-5.55); EstimatedImpactScore=22 (-3.28); ExpectedFinancialRedressGBP=279.34 (-1.94)
HLD-000352,5,Progress,0.9996,0.0,0.0,0.0003,0.0029,0.9963,0.0005,ImpactRiskMean=86 (+9.38); EstimatedImpactScore=93 (+9.12); ExpectedFinancialRedressGBP=2537.88 (+2.51)
HLD-000353,2,Do not progress,0.0001,0.0025,0.9915,0.0059,0.0,0.0,0.0,ImpactRiskMean=31 (-4.97); EstimatedImpactScore=37 (-3.20); ExpectedFinancialRedressGBP=628.52 (-1.39)
HLD-000354,4,Progress,0.9998,0.0,0.0001,0.0001,0.968,0.0318,0.0,EstimatedImpactScore=77 (+8.57); ImpactRiskMean=71 (+8.01); ExpectedFinancialRedressGBP=2255.64 (+2.73)
HLD-000355,3,Do not progress,0.0132,0.0001,0.0369,0.9497,0.013,0.0002,0.0001,EstimatedImpactScore=49 (-3.35); LostIncomeGBP=1213.55 (+2.76); RecoveryTimeMonths=1 (-0.77)
HLD-000356,4,Progress,0.9989,0.0,0.0001,0.001,0.9737,0.0251,0.0,ImpactRiskMean=70.50 (+8.02); EstimatedImpactScore=76 (+7.98); ExpectedFinancialRedressGBP=2928.65 (+3.85)
HLD-000357,6,Progress,1.0,0.0,0.0,0.0,0.0001,0.0133,0.9865,EstimatedImpactScore=100 (+9.80); ImpactRiskMean=88 (+8.24); ExpectedFinancialRedressGBP=15632.94 (+5.28)
HLD-000358,2,Do not progress,0.0001,0.0177,0.9805,0.0018,0.0,0.0,0.0,ImpactRiskMean=29.50 (-5.40); EstimatedImpactScore=43 (-3.45); ExpectedFinancialRedressGBP=440.94 (-1.92)
HLD-000359,1,Do not progress,0.0,0.9847,0.0152,0.0001,0.0,0.0,0.0,ImpactRiskMean=27 (-5.33); EstimatedImpactScore=13 (-3.00); ExpectedFinancialRedressGBP=434.72 (-1.78)
HLD-000360,3,Do not progress,0.0267,0.0001,0.0037,0.9695,0.0263,0.0003,0.0001,ExpectedFinancialRedressGBP=2971.04 (+4.32); ImpactRiskMean=44.50 (-2.67); ImpactRiskGap=31 (+1.32)
HLD-000361,2,Do not progress,0.0001,0.0003,0.9938,0.0057,0.0,0.0,0.0,ImpactRiskMean=40.50 (-4.05); EstimatedImpactScore=36 (-3.72); ExpectedFinancialRedressGBP=812.36 (-0.76)
HLD-000362,3,Do not progress,0.0099,0.0004,0.0049,0.9848,0.0093,0.0005,0.0,ImpactRiskMean=68 (+6.90); ExpectedFinancialRedressGBP=310.59 (-3.61); EstimatedImpactScore=57 (-1.10)
HLD-000363,5,Progress,0.9993,0.0,0.0001,0.0006,0.0048,0.9908,0.0037,EstimatedImpactScore=97 (+9.89); ImpactRiskMean=85.50 (+9.37); ExpectedFinancialRedressGBP=1966.66 (+1.69)
HLD-000364,3,Do not progress,0.0073,0.0001,0.0104,0.9822,0.0072,0.0001,0.0001,ExpectedFinancialRedressGBP=316.95 (-3.75); EstimatedImpactScore=66 (+2.34); ImpactRiskMean=52 (-2.18)
HLD-000365,4,Progress,0.9845,0.0,0.0,0.0154,0.9843,0.0003,0.0,ImpactRiskMean=64 (+6.09); EstimatedImpactScore=71 (+4.59); DurationAffectedDays=394 (+1.43)
HLD-000366,2,Do not progress,0.0005,0.0001,0.8595,0.1398,0.0003,0.0001,0.0001,EstimatedImpactScore=35 (-3.34); ImpactRiskMean=44 (-2.71); TotalFinancialLossGBP=3329.43 (+0.52)
HLD-000367,1,Do not progress,0.0,0.9918,0.0082,0.0,0.0,0.0,0.0,ImpactRiskMean=33 (-4.94); EstimatedImpactScore=26 (-2.96); ExpectedFinancialRedressGBP=233.40 (-2.20)
HLD-000368,6,Progress,1.0,0.0,0.0,0.0,0.0,0.0016,0.9984,EstimatedImpactScore=99 (+9.29); ImpactRiskMean=90 (+8.71); ExpectedFinancialRedressGBP=12841.15 (+5.08)
HLD-000369,2,Do not progress,0.0003,0.0011,0.9872,0.0114,0.0001,0.0002,0.0001,EstimatedImpactScore=40 (-3.78); ExpectedFinancialRedressGBP=281.32 (-2.30); ImpactRiskMean=46 (-1.90)
HLD-000370,2,Do not progress,0.0004,0.0196,0.9523,0.0277,0.0003,0.0,0.0,ImpactRiskMean=29 (-5.18); EstimatedImpactScore=46 (-4.01); ImpactRiskGap=34 (+1.39)
HLD-000371,3,Do not progress,0.0135,0.0001,0.0165,0.9699,0.0132,0.0002,0.0,ImpactRiskMean=44 (-3.06); EstimatedImpactScore=54 (-1.46); PriorComplaintsRaised=3 (+1.02)
HLD-000372,3,Do not progress,0.001,0.0,0.0452,0.9538,0.0009,0.0001,0.0,EstimatedImpactScore=48 (-3.79); ImpactRiskMean=51.50 (-2.17); ExpectedFinancialRedressGBP=1841.74 (+1.85)
HLD-000373,4,Progress,0.2579,0.0009,0.0605,0.6808,0.2569,0.0006,0.0003,ExpectedFinancialRedressGBP=346.09 (-2.95); LostIncomeGBP=1377.65 (+1.99); ImpactRiskMean=59.50 (+1.84)
HLD-000374,3,Do not progress,0.0009,0.0,0.0322,0.9668,0.0009,0.0,0.0,EstimatedImpactScore=52 (-2.85); ImpactRiskMean=46 (-2.48); RecoveryTimeMonths=1 (-0.67)
HLD-000375,4,Progress,0.0617,0.0,0.0022,0.9361,0.0613,0.0003,0.0001,ExpectedFinancialRedressGBP=2832.51 (+4.09); ImpactRiskMean=49 (-2.13); PriorComplaintsRaised=3 (+0.92)
HLD-000376,3,Do not progress,0.0251,0.0006,0.0012,0.9731,0.0234,0.0016,0.0001,ImpactRiskMean=63.50 (+5.59); ExpectedFinancialRedressGBP=555.95 (-2.36); EstimatedImpactScore=68 (+2.30)
HLD-000377,2,Do not progress,0.0002,0.0013,0.992,0.0065,0.0002,0.0,0.0,ImpactRiskMean=36 (-4.16); EstimatedImpactScore=45 (-4.12); ExpectedFinancialRedressGBP=555.83 (-1.23)
HLD-000378,4,Progress,0.9999,0.0,0.0,0.0001,0.9929,0.007,0.0,EstimatedImpactScore=81 (+8.99); ImpactRiskMean=70 (+7.68); ExpectedFinancialRedressGBP=2581.57 (+3.67)
HLD-000379,1,Do not progress,0.0,0.9763,0.0236,0.0001,0.0,0.0,0.0,ImpactRiskMean=36 (-4.37); ExpectedFinancialRedressGBP=106.15 (-2.85); EstimatedImpactScore=32 (-2.69)
HLD-000380,3,Do not progress,0.018,0.0002,0.026,0.9558,0.0174,0.0005,0.0001,ImpactRiskMean=60.50 (+2.10); ExpectedFinancialRedressGBP=857.91 (-1.19); VulnerabilityXImpact=8 (+0.83)
HLD-000381,2,Do not progress,0.0011,0.3956,0.6005,0.0028,0.0007,0.0003,0.0001,ImpactRiskMean=32.50 (-4.57); EstimatedImpactScore=31 (-2.80); ExpectedFinancialRedressGBP=95.41 (-2.71)
HLD-000382,6,Progress,1.0,0.0,0.0,0.0,0.0,0.0151,0.9848,EstimatedImpactScore=100 (+10.14); ImpactRiskMean=89 (+8.00); ExpectedFinancialRedressGBP=5160.59 (+3.32)
HLD-000383,6,Progress,0.9999,0.0,0.0,0.0,0.0001,0.0064,0.9934,EstimatedImpactScore=100 (+9.36); ImpactRiskMean=100 (+8.11); ExpectedFinancialRedressGBP=4141.41 (+2.83)
HLD-000384,3,Do not progress,0.0146,0.0,0.0018,0.9836,0.0146,0.0001,0.0,EstimatedImpactScore=53 (-2.15); ImpactRiskMean=57.50 (+1.68); DurationAffectedDays=173 (+1.59)
HLD-000385,2,Do not progress,0.0001,0.003,0.9862,0.0107,0.0,0.0001,0.0,EstimatedImpactScore=38 (-3.56); ExpectedFinancialRedressGBP=319.84 (-2.45); ImpactRiskMean=47 (-2.05)
HLD-000386,1,Do not progress,0.0,1.0,0.0,0.0,0.0,0.0,0.0,ImpactRiskMean=24 (-5.06); EstimatedImpactScore=26 (-2.61); ExpectedFinancialRedressGBP=162.63 (-2.22)
HLD-000387,1,Do not progress,0.0,0.9995,0.0005,0.0,0.0,0.0,0.0,ImpactRiskMean=23.50 (-5.02); EstimatedImpactScore=11 (-3.01); ExpectedFinancialRedressGBP=276.05 (-1.67)
HLD-000388,1,Do not progress,0.0,0.9992,0.0008,0.0,0.0,0.0,0.0,ImpactRiskMean=16 (-4.93); EstimatedImpactScore=11 (-3.18); ExpectedFinancialRedressGBP=433.71 (-1.71)
HLD-000389,1,Do not progress,0.0,0.9999,0.0001,0.0,0.0,0.0,0.0,ImpactRiskMean=9.50 (-4.51); EstimatedImpactScore=12 (-2.35); ExpectedFinancialRedressGBP=113.84 (-1.91)
HLD-000390,1,Do not progress,0.0,0.9961,0.0039,0.0,0.0,0.0,0.0,ImpactRiskMean=30.50 (-4.95); EstimatedImpactScore=26 (-2.83); ExpectedFinancialRedressGBP=185.70 (-2.14)
HLD-000391,5,Progress,0.1691,0.0009,0.006,0.824,0.0556,0.113,0.0004,ImpactRiskMean=66 (+6.74); EstimatedImpactScore=47 (-3.35); ExpectedFinancialRedressGBP=1744.03 (+1.75)
HLD-000392,4,Progress,0.9979,0.0,0.0,0.002,0.9953,0.0026,0.0,ImpactRiskMean=65.50 (+6.83); EstimatedImpactScore=67 (+4.22); ExpectedFinancialRedressGBP=2394.20 (+3.86)
HLD-000393,5,Progress,0.9998,0.0,0.0,0.0001,0.0007,0.9033,0.0958,EstimatedImpactScore=100 (+10.23); ImpactRiskMean=87 (+8.57); ExpectedFinancialRedressGBP=3485.69 (+3.12)
HLD-000394,2,Do not progress,0.0001,0.0004,0.883,0.1166,0.0,0.0,0.0,EstimatedImpactScore=50 (-3.90); ExpectedFinancialRedressGBP=297.13 (-2.60); ImpactRiskMean=52 (-1.99)
HLD-000395,1,Do not progress,0.0,0.9994,0.0006,0.0,0.0,0.0,0.0,ImpactRiskMean=32 (-5.08); EstimatedImpactScore=17 (-3.03); ExpectedFinancialRedressGBP=351.27 (-1.97)
HLD-000396,2,Do not progress,0.0002,0.3271,0.6681,0.0046,0.0001,0.0001,0.0001,ImpactRiskMean=34 (-4.54); EstimatedImpactScore=37 (-3.25); ExpectedFinancialRedressGBP=229.20 (-2.76)
HLD-000397,4,Progress,0.9917,0.0001,0.0006,0.0076,0.9828,0.0089,0.0,ImpactRiskMean=71 (+7.79); EstimatedImpactScore=72 (+6.19); DurationAffectedDays=181 (+1.45)
HLD-000398,5,Progress,0.9988,0.0,0.0002,0.001,0.0793,0.9187,0.0009,ImpactRiskMean=83.50 (+10.55); EstimatedImpactScore=83 (+8.49); DurationAffectedDays=194 (+1.21)
HLD-000399,4,Progress,0.9939,0.0,0.0001,0.006,0.9921,0.0017,0.0,ImpactRiskMean=70.50 (+7.66); EstimatedImpactScore=71 (+5.51); ExpectedFinancialRedressGBP=2582.70 (+3.80)
HLD-000400,1,Do not progress,0.0,0.9972,0.0027,0.0,0.0,0.0,0.0,ImpactRiskMean=32 (-4.83); EstimatedImpactScore=32 (-2.46); ExpectedFinancialRedressGBP=159.90 (-2.38)
HLD-000401,2,Do not progress,0.0004,0.0094,0.9169,0.0732,0.0002,0.0002,0.0001,ImpactRiskMean=35.50 (-3.92); EstimatedImpactScore=40 (-3.48); ExpectedFinancialRedressGBP=665.17 (-0.91)
HLD-000402,4,Progress,0.2365,0.0003,0.0022,0.761,0.2348,0.0015,0.0002,ExpectedFinancialRedressGBP=1760.81 (+2.24); ImpactRiskMean=59 (+1.96); RecoveryTimeMonths=5 (+1.16)
HLD-000403,4,Progress,0.9995,0.0,0.0,0.0005,0.9978,0.0017,0.0,ImpactRiskMean=69 (+7.54); EstimatedImpactScore=71 (+5.35); ExpectedFinancialRedressGBP=2786.83 (+4.01)
HLD-000404,5,Progress,0.9996,0.0,0.0001,0.0003,0.0063,0.9902,0.0031,EstimatedImpactScore=95 (+9.76); ImpactRiskMean=87.50 (+9.25); ExpectedFinancialRedressGBP=2251.63 (+2.05)
HLD-000405,1,Do not progress,0.0001,0.9882,0.0108,0.0009,0.0,0.0,0.0,ImpactRiskMean=32 (-4.75); ExpectedFinancialRedressGBP=88.50 (-2.86); EstimatedImpactScore=47 (-2.68)
HLD-000406,2,Do not progress,0.0005,0.1402,0.857,0.0023,0.0003,0.0001,0.0001,ImpactRiskMean=35 (-4.39); EstimatedImpactScore=27 (-3.00); RecoveryTimeMonths=1 (-0.78)
HLD-000407,4,Progress,0.4788,0.0005,0.0043,0.5164,0.4662,0.0123,0.0003,ImpactRiskMean=71.50 (+8.07); EstimatedImpactScore=69 (+3.18); ExpectedFinancialRedressGBP=648.35 (-2.18)
HLD-000408,4,Progress,0.9973,0.0,0.0001,0.0026,0.9971,0.0002,0.0,EstimatedImpactScore=75 (+8.07); ImpactRiskMean=67 (+6.54); EstimatedRiskScore=59 (+0.50)
HLD-000409,4,Progress,0.9954,0.0001,0.0002,0.0043,0.8319,0.1632,0.0003,EstimatedImpactScore=87 (+9.17); ImpactRiskMean=64.50 (+6.19); ImpactRiskGap=45 (+1.66)
HLD-000410,2,Do not progress,0.0002,0.0109,0.9876,0.0012,0.0001,0.0001,0.0,ImpactRiskMean=31.50 (-5.10); EstimatedImpactScore=35 (-2.56); ExpectedFinancialRedressGBP=514.74 (-1.50)
HLD-000411,3,Do not progress,0.0073,0.0001,0.0105,0.982,0.0072,0.0001,0.0,ExpectedFinancialRedressGBP=541.25 (-2.05); EstimatedImpactScore=55 (-1.36); RecoveryTimeMonths=4 (+0.94)
HLD-000412,4,Progress,0.9643,0.0003,0.0005,0.0349,0.9618,0.0024,0.0002,EstimatedImpactScore=76 (+7.24); ImpactRiskMean=59 (+1.50); DurationAffectedDays=259 (+1.35)
HLD-000413,2,Do not progress,0.0012,0.1564,0.8394,0.0031,0.0007,0.0003,0.0002,ImpactRiskMean=27 (-5.08); EstimatedImpactScore=27 (-3.38); DurationAffectedDays=321 (+1.75)
HLD-000414,1,Do not progress,0.0002,0.9719,0.0276,0.0002,0.0001,0.0,0.0,ImpactRiskMean=32.50 (-5.04); EstimatedImpactScore=23 (-3.26); ExpectedFinancialRedressGBP=239.70 (-2.34)
HLD-000415,5,Progress,0.9999,0.0,0.0,0.0001,0.0014,0.9977,0.0008,EstimatedImpactScore=95 (+9.61); ImpactRiskMean=76.50 (+8.70); ExpectedFinancialRedressGBP=3144.09 (+3.39)
HLD-000416,1,Do not progress,0.0,0.9992,0.0007,0.0001,0.0,0.0,0.0,ImpactRiskMean=23.50 (-4.81); EstimatedImpactScore=27 (-2.83); ExpectedFinancialRedressGBP=399.88 (-1.99)
HLD-000417,1,Do not progress,0.0003,0.9618,0.0367,0.0012,0.0001,0.0002,0.0,ImpactRiskMean=23 (-4.79); EstimatedImpactScore=47 (-2.49); ExpectedFinancialRedressGBP=343.33 (-2.15)
HLD-000418,5,Progress,0.9989,0.0001,0.0,0.001,0.0008,0.7026,0.2955,EstimatedImpactScore=99 (+10.07); ImpactRiskMean=89.50 (+8.38); ExpectedFinancialRedressGBP=5215 (+3.59)
HLD-000419,3,Do not progress,0.0011,0.0005,0.277,0.7214,0.0009,0.0002,0.0001,EstimatedImpactScore=46 (-4.25); ImpactRiskMean=46 (-2.21); PriorComplaintsRaised=4 (+1.09)
HLD-000420,5,Progress,0.9907,0.0003,0.0019,0.0071,0.2777,0.7121,0.0008,ImpactRiskMean=81.50 (+10.05); EstimatedImpactScore=75 (+6.98); AdditionalCostsGBP=22.73 (+1.14)
HLD-000421,1,Do not progress,0.0,0.9998,0.0002,0.0,0.0,0.0,0.0,ImpactRiskMean=15.50 (-4.62); EstimatedImpactScore=1 (-2.71); ExpectedFinancialRedressGBP=212.17 (-2.16)
HLD-000422,1,Do not progress,0.0,0.9978,0.0022,0.0,0.0,0.0,0.0,ImpactRiskMean=23 (-4.40); EstimatedImpactScore=26 (-2.58); ExpectedFinancialRedressGBP=136.69 (-2.25)
HLD-000423,5,Progress,0.9876,0.0001,0.0017,0.0106,0.0011,0.9847,0.0017,ImpactRiskMean=90 (+10.50); ExpectedFinancialRedressGBP=3964.41 (+3.50); EstimatedImpactScore=47 (-3.06)
HLD-000424,4,Progress,0.9719,0.0001,0.0004,0.0276,0.9712,0.0006,0.0001,EstimatedImpactScore=76 (+7.30); ImpactRiskMean=63 (+5.59); ImpactRiskGap=26 (+1.06)
HLD-000425,4,Progress,0.9953,0.0,0.0001,0.0046,0.9853,0.0099,0.0,EstimatedImpactScore=77 (+8.55); ImpactRiskMean=67.50 (+6.67); DurationAffectedDays=157 (+1.26)
HLD-000426,4,Progress,0.6984,0.0002,0.0005,0.3009,0.5547,0.1436,0.0001,ImpactRiskMean=72.50 (+8.09); ExpectedFinancialRedressGBP=3709.41 (+4.56); EstimatedImpactScore=67 (+3.37)
HLD-000427,3,Do not progress,0.0002,0.0003,0.3078,0.6918,0.0001,0.0,0.0,EstimatedImpactScore=49 (-3.77); ImpactRiskMean=52.50 (-1.97); ExpectedFinancialRedressGBP=679.18 (-1.72)
HLD-000428,2,Do not progress,0.0,0.0004,0.9992,0.0003,0.0,0.0,0.0,ImpactRiskMean=40 (-3.88); EstimatedImpactScore=33 (-3.05); ExpectedFinancialRedressGBP=716.12 (-0.94)
HLD-000429,4,Progress,0.0997,0.0004,0.1562,0.7438,0.0988,0.0007,0.0003,EstimatedImpactScore=53 (-1.55); RecoveryTimeMonths=5 (+1.15); DurationAffectedDays=16 (-0.80)
HLD-000430,1,Do not progress,0.0,0.9968,0.0032,0.0001,0.0,0.0,0.0,ImpactRiskMean=25 (-5.29); EstimatedImpactScore=16 (-2.76); ExpectedFinancialRedressGBP=182.21 (-2.13)
HLD-000431,2,Do not progress,0.0004,0.0025,0.9462,0.0509,0.0002,0.0002,0.0001,EstimatedImpactScore=41 (-3.53); ExpectedFinancialRedressGBP=349.32 (-2.33); ImpactRiskMean=44.50 (-2.20)
HLD-000432,4,Progress,0.4832,0.0001,0.0147,0.5021,0.4829,0.0002,0.0,EstimatedImpactScore=69 (+4.20); ExpectedFinancialRedressGBP=1683.57 (+1.66); ImpactRiskGap=27 (+1.08)
HLD-000433,1,Do not progress,0.0,1.0,0.0,0.0,0.0,0.0,0.0,ImpactRiskMean=19.50 (-4.80); EstimatedImpactScore=15 (-2.80); ExpectedFinancialRedressGBP=120.58 (-2.11)
HLD-000434,1,Do not progress,0.0,0.9995,0.0005,0.0,0.0,0.0,0.0,ImpactRiskMean=25.50 (-5.20); EstimatedImpactScore=14 (-2.73); ExpectedFinancialRedressGBP=161.91 (-2.04)
HLD-000435,4,Progress,0.9526,0.0,0.0003,0.0471,0.9525,0.0001,0.0,ExpectedFinancialRedressGBP=1799.49 (+2.46); ImpactRiskMean=58.50 (+2.26); DurationAffectedDays=297 (+1.80)
HLD-000436,3,Do not progress,0.0019,0.0001,0.05,0.948,0.0018,0.0001,0.0001,ImpactRiskMean=52.50 (-2.18); EstimatedImpactScore=54 (-2.00); DurationAffectedDays=54 (-0.71)
HLD-000437,2,Do not progress,0.0001,0.0001,0.9948,0.0051,0.0,0.0,0.0,EstimatedImpactScore=42 (-4.19); ImpactRiskMean=40 (-3.81); DurationAffectedDays=190 (+1.59)
HLD-000438,3,Do not progress,0.0115,0.0037,0.0332,0.9515,0.0112,0.0002,0.0002,ExpectedFinancialRedressGBP=276.08 (-3.08); ImpactRiskMean=59.50 (+1.89); EstimatedImpactScore=62 (+0.67)
HLD-000439,1,Do not progress,0.0,0.9979,0.002,0.0,0.0,0.0,0.0,ImpactRiskMean=34.50 (-5.31); EstimatedImpactScore=30 (-3.21); ExpectedFinancialRedressGBP=202.95 (-2.65)
HLD-000440,1,Do not progress,0.0,0.9984,0.0015,0.0,0.0,0.0,0.0,ImpactRiskMean=30.50 (-5.03); EstimatedImpactScore=20 (-2.92); ExpectedFinancialRedressGBP=227.86 (-2.14)
HLD-000441,4,Progress,0.9975,0.0001,0.001,0.0013,0.8831,0.1143,0.0002,ImpactRiskMean=75 (+9.09); EstimatedImpactScore=81 (+8.45); VulnerabilityXImpact=12 (+1.06)
HLD-000442,2,Do not progress,0.0001,0.0003,0.9591,0.0404,0.0,0.0,0.0,EstimatedImpactScore=48 (-3.55); ExpectedFinancialRedressGBP=270.20 (-2.22); ImpactRiskMean=48.50 (-2.16)
HLD-000443,3,Do not progress,0.0003,0.0001,0.0126,0.987,0.0003,0.0,0.0,ImpactRiskMean=49.50 (-2.02); EstimatedImpactScore=55 (-1.51); ExpectedFinancialRedressGBP=771.93 (-1.20)
HLD-000444,2,Do not progress,0.0004,0.0146,0.978,0.007,0.0003,0.0001,0.0,ImpactRiskMean=25 (-5.85); EstimatedImpactScore=34 (-2.94); DurationAffectedDays=109 (+0.73)
HLD-000445,4,Progress,0.9986,0.0,0.0001,0.0013,0.9724,0.0261,0.0001,ImpactRiskMean=75.50 (+9.29); EstimatedImpactScore=73 (+6.86); DurationAffectedDays=156 (+1.10)
HLD-000446,5,Progress,0.9996,0.0,0.0001,0.0003,0.0011,0.9983,0.0002,EstimatedImpactScore=87 (+8.84); ImpactRiskMean=81.50 (+8.64); ExpectedFinancialRedressGBP=5907.61 (+4.26)
HLD-000447,3,Do not progress,0.0029,0.0002,0.1302,0.8668,0.0024,0.0004,0.0001,EstimatedImpactScore=43 (-4.59); ImpactRiskMean=49.50 (-2.18); ExpectedFinancialRedressGBP=1826.79 (+2.18)
HLD-000448,5,Progress,0.9326,0.0001,0.0003,0.0671,0.16,0.7722,0.0004,ImpactRiskMean=69.50 (+7.51); ExpectedFinancialRedressGBP=5124.12 (+5.42); DurationAffectedDays=513 (+1.55)
HLD-000449,5,Progress,0.9995,0.0,0.0002,0.0003,0.01,0.989,0.0005,ImpactRiskMean=81 (+9.04); EstimatedImpactScore=91 (+7.47); ExpectedFinancialRedressGBP=3500.79 (+3.37)
HLD-000450,4,Progress,0.9977,0.0001,0.0003,0.002,0.6728,0.3249,0.0001,EstimatedImpactScore=85 (+8.95); ImpactRiskMean=71 (+7.80); ExpectedFinancialRedressGBP=1657.78 (+1.27)
HLD-000451,1,Do not progress,0.0,0.9996,0.0004,0.0,0.0,0.0,0.0,ImpactRiskMean=14.50 (-4.51); EstimatedImpactScore=9 (-2.62); ExpectedFinancialRedressGBP=98.61 (-2.07)
HLD-000452,2,Do not progress,0.0001,0.1656,0.834,0.0002,0.0001,0.0,0.0,ImpactRiskMean=30 (-4.90); ExpectedFinancialRedressGBP=210.18 (-2.75); EstimatedImpactScore=33 (-2.53)
HLD-000453,1,Do not progress,0.0,0.9988,0.0012,0.0,0.0,0.0,0.0,ImpactRiskMean=27 (-5.13); EstimatedImpactScore=20 (-2.56); ExpectedFinancialRedressGBP=201.46 (-1.75)
HLD-000454,1,Do not progress,0.0,0.9979,0.0021,0.0,0.0,0.0,0.0,ImpactRiskMean=30 (-5.25); EstimatedImpactScore=14 (-2.94); ExpectedFinancialRedressGBP=355.28 (-1.95)
HLD-000455,4,Progress,0.9905,0.0,0.0,0.0095,0.9867,0.0037,0.0,ImpactRiskMean=62 (+5.27); ExpectedFinancialRedressGBP=3637.03 (+4.94); EstimatedImpactScore=66 (+3.14)
HLD-000456,3,Do not progress,0.0004,0.0002,0.2969,0.7025,0.0003,0.0001,0.0,ExpectedFinancialRedressGBP=309.32 (-3.24); ImpactRiskMean=49.50 (-2.34); EstimatedImpactScore=55 (-1.86)
HLD-000457,4,Progress,0.9972,0.0,0.0,0.0028,0.9971,0.0001,0.0,EstimatedImpactScore=74 (+7.11); ImpactRiskMean=64 (+6.52); RecoveryTimeMonths=4 (+0.96)
HLD-000458,1,Do not progress,0.0,0.9992,0.0008,0.0,0.0,0.0,0.0,ImpactRiskMean=28.50 (-5.20); EstimatedImpactScore=16 (-2.52); ExpectedFinancialRedressGBP=296.02 (-1.70)
HLD-000459,1,Do not progress,0.0,0.9997,0.0003,0.0,0.0,0.0,0.0,ImpactRiskMean=16.50 (-4.78); EstimatedImpactScore=7 (-2.79); ExpectedFinancialRedressGBP=370.77 (-1.66)
HLD-000460,4,Progress,0.9591,0.0,0.0002,0.0407,0.959,0.0,0.0,EstimatedImpactScore=66 (+3.14); ImpactRiskMean=60 (+2.28); LostIncomeGBP=584.79 (+1.12)
HLD-000461,2,Do not progress,0.0004,0.0172,0.9364,0.046,0.0002,0.0001,0.0001,EstimatedImpactScore=43 (-3.42); ExpectedFinancialRedressGBP=121.42 (-2.47); ImpactRiskMean=51 (-1.87)
HLD-000462,6,Progress,1.0,0.0,0.0,0.0,0.0,0.0003,0.9997,EstimatedImpactScore=100 (+9.50); ImpactRiskMean=100 (+7.93); ExpectedFinancialRedressGBP=11170.30 (+4.12)
HLD-000463,1,Do not progress,0.0,0.9868,0.0129,0.0002,0.0,0.0,0.0,ImpactRiskMean=18.50 (-4.89); EstimatedImpactScore=28 (-2.73); ExpectedFinancialRedressGBP=638.41 (-1.34)
HLD-000464,5,Progress,0.999,0.0001,0.0002,0.0008,0.0294,0.9693,0.0002,ImpactRiskMean=88.50 (+10.65); EstimatedImpactScore=87 (+9.54); VulnerabilityXImpact=8 (+0.79)
HLD-000465,3,Do not progress,0.0001,0.0,0.0492,0.9508,0.0,0.0,0.0,EstimatedImpactScore=46 (-4.47); ImpactRiskMean=44 (-2.80); DurationAffectedDays=33 (-0.50)
HLD-000466,5,Progress,0.9998,0.0,0.0,0.0001,0.0003,0.9983,0.0013,ImpactRiskMean=80 (+8.71); EstimatedImpactScore=89 (+8.35); ExpectedFinancialRedressGBP=5073.56 (+3.86)
HLD-000467,2,Do not progress,0.0001,0.0001,0.7205,0.2793,0.0001,0.0,0.0,EstimatedImpactScore=45 (-4.62); ImpactRiskMean=52.50 (-2.07); ExpectedFinancialRedressGBP=816.78 (-1.20)
HLD-000468,1,Do not progress,0.0,0.9999,0.0001,0.0,0.0,0.0,0.0,ImpactRiskMean=19.50 (-4.71); EstimatedImpactScore=12 (-2.66); ExpectedFinancialRedressGBP=99.12 (-2.05)
HLD-000469,3,Do not progress,0.0003,0.0001,0.1438,0.8557,0.0002,0.0001,0.0,EstimatedImpactScore=49 (-3.80); ImpactRiskMean=46.50 (-2.23); ExpectedFinancialRedressGBP=514.09 (-1.61)
HLD-000470,4,Progress,0.124,0.0014,0.0307,0.844,0.1234,0.0004,0.0001,ExpectedFinancialRedressGBP=233.85 (-3.59); LostIncomeGBP=819.08 (+1.64); DurationAffectedDays=233 (+1.34)
HLD-000471,1,Do not progress,0.0,0.7145,0.2852,0.0003,0.0,0.0,0.0,ImpactRiskMean=31.50 (-5.27); EstimatedImpactScore=32 (-2.75); ExpectedFinancialRedressGBP=339.36 (-2.12)
HLD-000472,3,Do not progress,0.0001,0.0,0.0742,0.9257,0.0,0.0,0.0,EstimatedImpactScore=50 (-4.00); ImpactRiskMean=47.50 (-2.24); ExpectedFinancialRedressGBP=824.65 (-1.09)
HLD-000473,1,Do not progress,0.0,0.9997,0.0002,0.0,0.0,0.0,0.0,ImpactRiskMean=17 (-4.66); EstimatedImpactScore=13 (-2.49); ExpectedFinancialRedressGBP=187.44 (-1.90)
HLD-000474,1,Do not progress,0.0,0.7623,0.2376,0.0001,0.0,0.0,0.0,ImpactRiskMean=29 (-5.55); EstimatedImpactScore=33 (-2.70); ExpectedFinancialRedressGBP=379.53 (-2.11)
HLD-000475,3,Do not progress,0.0008,0.0001,0.1925,0.8066,0.0005,0.0002,0.0001,EstimatedImpactScore=51 (-3.50); ExpectedFinancialRedressGBP=687.38 (-1.52); ImpactRiskMean=53 (-1.47)
HLD-000476,4,Progress,0.9589,0.0,0.0003,0.0407,0.9586,0.0003,0.0,EstimatedImpactScore=69 (+4.13); ExpectedFinancialRedressGBP=1933.91 (+2.52); ImpactRiskMean=60 (+2.18)
HLD-000477,2,Do not progress,0.0001,0.0001,0.9043,0.0955,0.0001,0.0,0.0,EstimatedImpactScore=42 (-4.37); ImpactRiskMean=49.50 (-2.34); ExpectedFinancialRedressGBP=739.01 (-1.20)
HLD-000478,2,Do not progress,0.0012,0.0016,0.8622,0.135,0.0005,0.0006,0.0,EstimatedImpactScore=47 (-3.72); ExpectedFinancialRedressGBP=352.42 (-2.72); ImpactRiskMean=47 (-2.34)
HLD-000479,2,Do not progress,0.0004,0.008,0.9763,0.0152,0.0003,0.0001,0.0,ImpactRiskMean=40 (-3.98); EstimatedImpactScore=30 (-3.92); RecoveryTimeMonths=1 (-0.65)
HLD-000480,1,Do not progress,0.0,0.9998,0.0001,0.0,0.0,0.0,0.0,ImpactRiskMean=13.50 (-4.70); EstimatedImpactScore=1 (-2.57); ExpectedFinancialRedressGBP=187.65 (-1.84)
HLD-000481,1,Do not progress,0.0001,0.9781,0.0216,0.0002,0.0001,0.0,0.0,ImpactRiskMean=15.50 (-4.85); EstimatedImpactScore=20 (-3.38); ExpectedFinancialRedressGBP=392.49 (-1.94)
HLD-000482,6,Progress,0.999,0.0001,0.0001,0.0008,0.0035,0.0654,0.9301,EstimatedImpactScore=100 (+9.80); ImpactRiskMean=91.50 (+8.51); ExpectedFinancialRedressGBP=3691.38 (+2.84)
HLD-000483,1,Do not progress,0.0,0.9998,0.0002,0.0,0.0,0.0,0.0,ImpactRiskMean=22 (-4.82); EstimatedImpactScore=24 (-2.99); ExpectedFinancialRedressGBP=206.55 (-2.77)
HLD-000484,1,Do not progress,0.0,0.9999,0.0001,0.0,0.0,0.0,0.0,ImpactRiskMean=13.50 (-4.93); EstimatedImpactScore=6 (-2.80); ExpectedFinancialRedressGBP=269.30 (-2.04)
HLD-000485,2,Do not progress,0.0003,0.0009,0.9935,0.0053,0.0002,0.0,0.0,ImpactRiskMean=41 (-3.86); EstimatedImpactScore=39 (-3.74); PriorComplaintsRaised=3 (+0.88)
HLD-000486,4,Progress,0.9956,0.0,0.0,0.0044,0.9951,0.0004,0.0,ImpactRiskMean=62.50 (+5.28); ExpectedFinancialRedressGBP=3131.19 (+4.81); EstimatedImpactScore=63 (+2.81)
HLD-000487,3,Do not progress,0.0101,0.0,0.0087,0.9812,0.0098,0.0002,0.0001,ImpactRiskMean=51 (-2.06); DurationAffectedDays=289 (+1.80); EstimatedImpactScore=55 (-1.30)
HLD-000488,6,Progress,0.9997,0.0,0.0,0.0002,0.0003,0.1958,0.8036,EstimatedImpactScore=100 (+10.30); ImpactRiskMean=86 (+8.28); ExpectedFinancialRedressGBP=4555.76 (+3.45)
HLD-000489,2,Do not progress,0.0001,0.0001,0.9937,0.0061,0.0,0.0,0.0,EstimatedImpactScore=37 (-3.85); ImpactRiskMean=43.50 (-3.54); ExpectedFinancialRedressGBP=598.10 (-1.55)
HLD-000490,3,Do not progress,0.0035,0.0003,0.0209,0.9753,0.0034,0.0001,0.0,ExpectedFinancialRedressGBP=397.09 (-3.19); EstimatedImpactScore=55 (-1.54); ImpactRiskMean=58 (+1.41)
HLD-000491,1,Do not progress,0.0,0.9852,0.0147,0.0001,0.0,0.0,0.0,ImpactRiskMean=20 (-4.86); EstimatedImpactScore=27 (-2.98); ExpectedFinancialRedressGBP=409.43 (-2.11)
HLD-000492,2,Do not progress,0.0025,0.0018,0.9324,0.0633,0.0021,0.0003,0.0001,EstimatedImpactScore=30 (-3.77); ImpactRiskMean=49 (-2.23); RecoveryTimeMonths=8 (+1.59)
HLD-000493,1,Do not progress,0.0,1.0,0.0,0.0,0.0,0.0,0.0,ImpactRiskMean=23 (-4.61); EstimatedImpactScore=15 (-2.50); ExpectedFinancialRedressGBP=171.89 (-2.01)
HLD-000494,5,Progress,0.9997,0.0,0.0,0.0002,0.0004,0.9881,0.0112,EstimatedImpactScore=98 (+10.11); ImpactRiskMean=87 (+8.57); ExpectedFinancialRedressGBP=4942.51 (+3.84)
HLD-000495,2,Do not progress,0.0002,0.0002,0.9892,0.0105,0.0002,0.0,0.0,ImpactRiskMean=39 (-4.18); EstimatedImpactScore=39 (-3.70); ExpectedFinancialRedressGBP=781.55 (-0.80)
HLD-000496,3,Do not progress,0.0003,0.0001,0.4317,0.5679,0.0001,0.0002,0.0001,EstimatedImpactScore=44 (-4.59); ImpactRiskMean=48.50 (-2.34); ExpectedFinancialRedressGBP=720.96 (-1.24)
HLD-000497,2,Do not progress,0.0001,0.0057,0.992,0.0022,0.0,0.0001,0.0,ImpactRiskMean=38.50 (-3.83); EstimatedImpactScore=45 (-3.38); ExpectedFinancialRedressGBP=322.71 (-2.22)
HLD-000498,3,Do not progress,0.0029,0.0021,0.0739,0.9212,0.0027,0.0001,0.0001,ExpectedFinancialRedressGBP=264.48 (-3.12); ImpactRiskMean=48.50 (-1.88); EstimatedImpactScore=64 (+1.31)
HLD-000499,4,Progress,0.9393,0.0001,0.0008,0.0598,0.9377,0.0013,0.0003,ExpectedFinancialRedressGBP=2238.73 (+3.33); EstimatedImpactScore=62 (+2.17); ImpactRiskMean=59 (+1.84)
HLD-000500,1,Do not progress,0.0036,0.8343,0.1582,0.0039,0.0033,0.0002,0.0001,ImpactRiskMean=29 (-5.53); EstimatedImpactScore=25 (-3.67); LostIncomeGBP=1438.58 (+2.25)
